date,iso3166-2,RelativeHumiditySurface,SolarRadiation,Surfacepressure,TemperatureAboveGround,Totalprecipitation,UVIndex,WindSpeed
2020-02-13,DE-BY,81.554346,2363012.9499419997,2275361.322811,275.583053,0.005227000000000001,4.417797,3.6774139999999997
2020-02-14,DE-BY,84.977489,2219763.8839439997,2294450.845539,277.412258,0.004148,3.712586,4.504508
2020-02-15,DE-BY,80.861961,4471885.033249,2303373.3973060003,277.152327,1e-05,5.0605519999999995,2.3270150000000003
2020-02-16,DE-BY,60.833139,1417309.670928,2288621.444865,280.88212599999997,0.00010400000000000001,5.0195099999999995,3.601319
2020-02-17,DE-BY,76.924236,1188775.891263,2291492.459386,280.81324900000004,0.005979,3.842018,3.896042
2020-02-18,DE-BY,71.030948,4684769.982323,2305616.7619950003,277.862938,0.001385,5.303236,5.433165
2020-02-19,DE-BY,76.193136,2242221.7463169997,2296165.421507,275.949646,0.0052829999999999995,4.515465,5.008552
2020-02-20,DE-BY,78.69309799999999,1604491.367556,2295682.457071,276.459881,0.001068,4.20985,3.2923519999999997
2020-02-21,DE-BY,66.69340799999999,5631760.6342589995,2309216.62037,276.93849700000004,0.0020510000000000003,7.009993,5.192761
2020-02-22,DE-BY,57.209070999999994,7167756.002103999,2308437.368266,279.750945,0.000775,8.048061,4.491445
2020-02-23,DE-BY,74.153979,1573973.5558489999,2293440.6786619998,282.415265,0.00853,4.5195099999999995,8.230143
2020-02-24,DE-BY,84.494919,558717.1789279999,2290711.1492,278.457205,0.005375,4.9270760000000005,3.8522199999999995
2020-02-25,DE-BY,80.751379,1317061.960923,2257233.007786,279.35425,0.004723,5.340351999999999,5.066294999999999
2020-02-26,DE-BY,79.655141,4636539.051662,2250767.3348060003,274.951208,0.005319,6.186533,6.316189
2020-02-27,DE-BY,79.941348,2558723.044034,2253618.533039,274.372135,0.009826999999999999,6.5981440000000005,5.101208
2020-02-28,DE-BY,77.18003,3919467.7049660003,2284250.2095959997,274.163275,0.002888,7.368546,4.619968
2020-02-29,DE-BY,74.130986,5608246.797559,2256685.6414139997,278.44581600000004,0.00337,7.399952000000001,3.9780580000000003
2020-03-01,DE-BY,74.595619,5893701.32702,2249901.838173,279.45799900000003,0.002746,8.27064,4.385224
2020-03-02,DE-BY,70.71909699999999,6479179.0111529995,2234779.303451,278.554019,0.001928,8.587794,3.90226
2020-03-03,DE-BY,81.562421,2628972.648464,2255173.183923,276.041738,0.005251,5.551273,4.126062999999999
2020-03-04,DE-BY,82.056205,5288835.829651,2276499.732534,274.694986,0.001056,6.4053059999999995,2.60022
2020-03-05,DE-BY,81.567289,2141266.1147869998,2248905.829545,276.306304,0.0071790000000000005,6.013324,3.175217
2020-03-06,DE-BY,80.913163,3656105.220108,2243895.147727,277.83504500000004,0.0043219999999999995,5.667261,6.105854
2020-03-07,DE-BY,82.821038,5024846.817761,2287035.316288,275.780338,0.002932,6.101951000000001,4.002114
2020-03-08,DE-BY,73.222034,4898514.20665,2290287.321128,276.699291,0.000225,8.988223,2.549846
2020-03-09,DE-BY,83.164935,2562434.289273,2282373.108165,277.496489,0.004053,6.421009,3.132905
2020-03-10,DE-BY,90.01545899999999,81754.057393,2280787.240741,277.18695499999995,0.012121999999999999,5.434808,5.131316
2020-03-11,DE-BY,80.20318499999999,1332159.403931,2285461.967803,283.749566,0.002978,6.284916,6.418209
2020-03-12,DE-BY,73.329049,4975121.3484849995,2281302.421507,283.363246,0.0021739999999999997,9.89912,5.557383
2020-03-13,DE-BY,67.16701,6262960.2925080005,2292167.760101,278.50901899999997,0.002167,11.669879,4.983094
2020-03-14,DE-BY,72.71913,5003264.890993,2298834.183502,276.514846,0.000393,9.865572,1.734566
2020-03-15,DE-BY,59.71447,12365101.188552,2293640.4867419996,278.02641800000004,0.0,14.665953,3.0767830000000003
2020-03-16,DE-BY,59.484972,12521093.26936,2298409.404882,280.763894,6e-06,14.346062,1.862279
2020-03-17,DE-BY,76.101342,5511924.640152,2316338.361111,281.64583700000003,0.0008960000000000001,10.871400999999999,1.9339380000000002
2020-03-18,DE-BY,77.411519,8395497.801347,2313905.409722,281.938215,2.4e-05,15.074114000000002,1.563919
2020-03-19,DE-BY,71.135763,10065295.559764,2304971.830808,283.13489500000003,1.9e-05,16.222817000000003,1.469458
2020-03-20,DE-BY,74.595127,8304960.214436,2296592.217593,282.61155,0.0032600000000000003,15.289079000000001,2.431167
2020-03-21,DE-BY,82.978173,871304.8303520001,2299582.600168,276.29681899999997,0.005666,7.2273380000000005,5.269259
2020-03-22,DE-BY,57.494842000000006,13857958.464645999,2314054.5782830003,273.491923,8.499999999999999e-05,16.987866,5.532787
2020-03-23,DE-BY,48.354372999999995,14391863.433502,2322563.154461,272.34937,3e-06,18.096003,4.353745
2020-03-24,DE-BY,47.286074,14973599.806397,2317078.261153,273.06710499999997,2e-06,18.68808,4.039085
2020-03-25,DE-BY,47.431969,13859772.632155,2302005.108375,273.912016,1.3000000000000001e-05,19.073043,5.462015
2020-03-26,DE-BY,56.89370400000001,11849151.005051,2289888.7373740003,275.689608,2e-06,16.603141,5.337833
2020-03-27,DE-BY,52.483672,14538555.558923,2285002.064394,281.461585,0.0,20.293838,4.139485
2020-03-28,DE-BY,56.21955500000001,14677661.274410998,2287393.3063970003,281.503212,2.8000000000000003e-05,21.26493,2.4649900000000002
2020-03-29,DE-BY,69.194873,6179113.015993,2293576.3005049997,276.953626,0.0017399999999999998,11.553889999999999,3.830539
2020-03-30,DE-BY,56.47037099999999,11238274.779987,2303835.713594,273.645693,0.00101,18.711635,3.2844580000000003
2020-03-31,DE-BY,59.691162,9231496.329125,2306070.314604,273.236921,0.00037400000000000004,17.836902,2.460775
2020-04-01,DE-BY,55.154495,16697763.525253,2292788.105219,274.39295,0.0,23.261123,1.6303590000000001
2020-04-02,DE-BY,51.498212,16846934.126263,2276930.5223060003,277.27584900000005,0.0,23.479538,1.87437
2020-04-03,DE-BY,61.43320500000001,8037498.898042999,2285620.8497470003,278.456667,0.00045999999999999996,18.207114,2.4980119999999997
2020-04-04,DE-BY,59.565417000000004,11102041.762626,2302938.587332,280.276982,3.6e-05,22.979419,1.891446
2020-04-05,DE-BY,50.794472999999996,17425979.693603,2303699.173611,282.213461,0.0,23.99429,3.758803
2020-04-06,DE-BY,47.235948,17543979.468013,2304498.0757580004,284.366967,0.0,24.020462,2.001292
2020-04-07,DE-BY,49.665366,17200794.294613,2315820.55787,285.584888,0.0,24.068641,2.348627
2020-04-08,DE-BY,46.122505,17378976.755892,2307295.991793,286.055904,0.0,24.17547,1.8569229999999999
2020-04-09,DE-BY,50.135673,12564874.377104,2303816.29314,285.852496,2e-06,24.19843,1.878236
2020-04-10,DE-BY,53.725019999999994,15790089.262626002,2304531.32702,286.01594500000004,5e-06,24.500476000000003,1.9352220000000002
2020-04-11,DE-BY,52.270118,17616908.828282997,2303581.850379,285.066119,6e-06,24.615989000000003,1.792678
2020-04-12,DE-BY,51.556426,15375545.205387,2289226.846591,286.390655,0.00031099999999999997,25.076731,1.821351
2020-04-13,DE-BY,62.171678,11770668.606061,2284266.9257150004,283.148697,0.002963,21.205448,3.5364949999999995
2020-04-14,DE-BY,55.097655,7294612.248737,2301457.102483,275.970823,0.000357,21.589579,2.4482470000000003
2020-04-15,DE-BY,51.228521,18823236.670034,2303295.477273,279.79177000000004,0.0,24.750773000000002,1.675096
2020-04-16,DE-BY,48.633401,16849880.279461,2291631.42782,285.046666,0.0,27.596359999999997,2.089593
2020-04-17,DE-BY,52.185759000000004,14882827.282828,2286609.867214,287.771329,9.2e-05,28.498334999999997,1.7900099999999999
2020-04-18,DE-BY,63.252153,11757765.481480999,2285717.6719279997,287.86079900000004,0.002184,21.929098,1.891886
2020-04-19,DE-BY,69.92984100000001,11845191.863636,2286633.84112,285.636013,0.002186,24.226267,3.5598949999999996
2020-04-20,DE-BY,47.158235999999995,18079464.388889,2286526.9501259997,283.827944,0.00018700000000000002,28.452534000000004,6.288309
2020-04-21,DE-BY,40.965756,19749297.703704,2285522.5469279997,284.906326,8e-06,31.096479,6.533974
2020-04-22,DE-BY,39.455378,20683332.515152,2291130.606902,285.82099500000004,0.0,32.389484,5.068645
2020-04-23,DE-BY,45.846463,20404158.885522,2293107.018098,285.393269,0.0,32.875803000000005,2.505818
2020-04-24,DE-BY,50.051243,12347158.665825,2278227.917508,285.93818500000003,0.0,25.049607,3.229756
2020-04-25,DE-BY,51.119615,18611193.912458,2274070.581229,284.59128300000003,0.000293,32.222103000000004,2.944627
2020-04-26,DE-BY,51.975567,19545597.969697,2274149.464226,284.138427,0.00011499999999999999,33.726504999999996,1.767614
2020-04-27,DE-BY,58.9214,13595355.641414,2272658.105219,285.696625,0.001163,29.624315999999997,2.107957
2020-04-28,DE-BY,71.42320500000001,7103847.974747,2265750.948653,285.964597,0.004974,23.228407999999998,2.487175
2020-04-29,DE-BY,82.316616,5268743.692314,2270191.532407,283.713671,0.006808,18.318463,3.3936349999999997
2020-04-30,DE-BY,78.488074,6103803.40383,2267186.6254209997,283.518618,0.005357,20.402332,3.453874
2020-05-01,DE-BY,79.05925400000001,10065331.603535,2263725.494318,282.54312200000004,0.005273,22.880917999999998,3.653602
2020-05-02,DE-BY,77.83783299999999,10737968.716330001,2274191.897938,281.163351,0.005422,25.482394,4.286766
2020-05-03,DE-BY,67.566579,11578144.500842,2291629.514731,282.396971,0.0007650000000000001,26.962646000000003,2.136154
2020-05-04,DE-BY,76.87945500000001,8959163.914983,2288568.576599,284.099662,0.004531,23.82917,2.537313
2020-05-05,DE-BY,69.88234,8831166.102851,2291049.354798,281.670994,0.001448,26.579348,2.486434
2020-05-06,DE-BY,59.491187,16647205.116162,2301982.37984,281.048478,2.4e-05,36.278016,2.038894
2020-05-07,DE-BY,55.055454000000005,21670484.316498,2302759.2438970003,284.490771,0.0,38.432786,1.7182669999999998
2020-05-08,DE-BY,52.923903,18248214.570707,2290998.7154880003,288.634381,2e-06,35.196169,1.8835009999999999
2020-05-09,DE-BY,62.412794999999996,11726327.36069,2279566.1624580002,289.450163,0.002666,28.707352,1.933007
2020-05-10,DE-BY,76.66708100000001,8538126.748316001,2266523.8127099997,288.929303,0.00293,27.589817,2.018314
2020-05-11,DE-BY,87.514927,1632619.3195510001,2258746.783039,282.212822,0.017038,20.859742999999998,3.8460199999999998
2020-05-12,DE-BY,67.483063,13817652.815657001,2286045.3508,278.775106,0.000908,36.008565000000004,1.979114
2020-05-13,DE-BY,78.15708000000001,5206265.252315,2274353.202652,280.374344,0.005379999999999999,23.637878,1.873144
2020-05-14,DE-BY,77.14715100000001,3400139.491898,2281780.809343,282.029033,0.0030789999999999997,23.549369,2.966366
2020-05-15,DE-BY,71.757272,5300416.687237,2289375.517045,282.118769,0.0034170000000000003,22.778135,2.747046
2020-05-16,DE-BY,65.16062,13962865.431607999,2298260.703704,283.881438,0.00035,37.455389000000004,1.6497259999999998
2020-05-17,DE-BY,59.41999499999999,17617192.744108,2300412.411406,285.704746,1.4999999999999999e-05,40.97133,1.9138400000000002
2020-05-18,DE-BY,58.048568,21110020.483165,2302934.753577,287.63427,1.2e-05,41.095408,1.8117599999999998
2020-05-19,DE-BY,54.280676,17501505.068182,2297042.064394,290.625964,0.000161,40.272424,2.411853
2020-05-20,DE-BY,66.428648,6393522.593433999,2298575.717803,288.38379100000003,0.00064,26.885439,1.90412
2020-05-21,DE-BY,61.45186700000001,13353896.998316001,2301397.799453,289.02004900000003,0.000198,40.954675,1.65585
2020-05-22,DE-BY,60.68281999999999,6231041.053872,2301443.724116,290.651491,0.002577,27.600998999999998,2.144945
2020-05-23,DE-BY,81.392647,4639363.552241,2305524.877104,286.341409,0.011141,23.52522,3.1930259999999997
2020-05-24,DE-BY,66.676639,11905766.976431,2317469.627525,284.858071,0.0018559999999999998,33.881989000000004,4.182086
2020-05-25,DE-BY,70.949157,10977508.202019999,2320069.7367419996,285.59428199999996,0.004511,28.726862,3.6558669999999998
2020-05-26,DE-BY,67.339656,9616186.628788,2326421.19234,284.775425,0.0012439999999999999,31.278847999999996,2.074076
2020-05-27,DE-BY,59.208052,15274296.9133,2323324.208544,286.604323,2.2e-05,41.761123,1.698247
2020-05-28,DE-BY,63.883337,13068276.546296,2314702.353325,285.750655,0.004047,35.047585,2.928033
2020-05-29,DE-BY,62.113471,13042836.734848,2308206.198864,285.050925,0.000549,36.768856,2.5343299999999997
2020-05-30,DE-BY,59.896253,11457554.867844999,2298859.161406,284.689879,0.000411,32.251606,2.698366
2020-05-31,DE-BY,61.49098000000001,7903609.222222,2297496.6717169997,285.090854,0.000297,32.207709,2.424305
2020-06-01,DE-BY,56.794305,20882733.441076998,2297611.151094,288.940171,6e-06,47.074709000000006,2.604621
2020-06-02,DE-BY,52.127896,22199122.003367003,2288129.4617,290.14437000000004,9.4e-05,47.309422,1.908954
2020-06-03,DE-BY,54.29543,14240980.76431,2264701.390362,290.80078100000003,0.001013,38.73281,2.08225
2020-06-04,DE-BY,80.82945,3730318.527883,2245533.92782,287.214272,0.008473999999999999,21.845229999999997,2.67655
2020-06-05,DE-BY,78.05239300000001,9139228.456229,2251304.7750419998,285.096647,0.006096,26.600167,4.175383999999999
2020-06-06,DE-BY,79.653621,3982093.149463,2263152.729588,286.107572,0.005354,26.505829,2.970675
2020-06-07,DE-BY,87.77394100000001,1620244.8045629999,2272485.853114,284.200574,0.010227,24.263264000000003,2.243766
2020-06-08,DE-BY,76.380335,6965097.407934,2281337.067551,285.091224,0.002741,27.167023999999998,1.8443919999999998
2020-06-09,DE-BY,88.740782,686026.673203,2281838.6132150004,285.34053,0.011934,24.161908,2.3692990000000003
2020-06-10,DE-BY,90.062223,691071.383957,2277764.167298,285.668225,0.010104,22.105163,2.314621
2020-06-11,DE-BY,82.97929,7887874.906408,2272995.381944,287.39815600000003,0.0038810000000000003,28.673685,1.66353
2020-06-12,DE-BY,64.10089599999999,21806895.505051002,2270148.889941,291.993409,1.6e-05,48.593029,2.945134
2020-06-13,DE-BY,65.40196999999999,17478241.695286,2273652.564184,293.699707,0.005234,48.676541,2.510184
2020-06-14,DE-BY,90.32771600000001,1020505.633376,2281669.644992,288.361529,0.018754,21.797882,4.044961
2020-06-15,DE-BY,93.673243,1275682.290543,2288497.308712,287.248458,0.01991,22.124078,3.28827
2020-06-16,DE-BY,86.67318,5214186.969697,2286552.066498,288.729131,0.0035039999999999997,24.78444,1.779926
2020-06-17,DE-BY,81.77736800000001,9726002.786616001,2277157.065867,289.85758300000003,0.008059,31.305496,2.42712
2020-06-18,DE-BY,78.193325,5944868.660748,2281990.803451,288.565243,0.004136,34.605401,2.716179
2020-06-19,DE-BY,82.31744499999999,7128089.1789770005,2289846.1123740003,287.51664300000004,0.00662,29.934690000000003,2.956401
2020-06-20,DE-BY,81.370575,7719843.381208,2297330.1315240003,288.071549,0.003995,30.920295,2.37247
2020-06-21,DE-BY,70.920626,10027487.321338,2298760.49032,290.07468,0.001119,39.231263,2.3001709999999997
2020-06-22,DE-BY,71.427662,13912919.244107999,2304874.2676770003,291.228856,0.00145,40.027599,2.415211
2020-06-23,DE-BY,62.452498999999996,18304332.008417998,2306607.1992849996,291.878451,0.000153,49.092553,2.026128
2020-06-24,DE-BY,57.673867,20517527.5,2302488.780934,291.419489,0.000227,49.217464,2.6033939999999998
2020-06-25,DE-BY,69.099997,12586722.175084,2295755.748106,290.39328,0.002029,41.14799,2.239624
2020-06-26,DE-BY,67.833337,17675314.166667003,2286139.205808,292.147106,0.001553,47.925647999999995,2.152472
2020-06-27,DE-BY,70.682298,16442090.606060999,2285126.278409,294.095664,0.002836,45.495241,2.623682
2020-06-28,DE-BY,74.589437,12913811.935185,2288485.269992,292.808212,0.007613,38.018915,2.7530959999999998
2020-06-29,DE-BY,80.114317,8978413.210438,2284790.5164139997,289.39822999999996,0.011779000000000001,34.579347999999996,2.548204
2020-06-30,DE-BY,66.717362,10781688.12037,2282482.38931,290.771874,2.6000000000000002e-05,40.799191,3.09605
2020-07-01,DE-BY,67.045101,16534528.258418,2277770.676557,293.727676,0.001066,50.055199,2.729857
2020-07-02,DE-BY,78.62150799999999,10036607.499158,2282418.815236,291.658863,0.007666,36.783607,2.759146
2020-07-03,DE-BY,69.29355600000001,9135535.138258,2293915.759049,289.851504,0.0014320000000000001,42.974304,2.3991439999999997
2020-07-04,DE-BY,62.978680000000004,14687710.077441,2295686.8907830003,291.265852,3.9e-05,45.560195,2.717651
2020-07-05,DE-BY,64.62637,8584088.327019999,2289871.666877,293.81599500000004,0.000139,39.801451,3.799924
2020-07-06,DE-BY,64.84716800000001,9834023.483165,2288974.3876259997,289.89057,0.002163,40.630145,4.156736
2020-07-07,DE-BY,60.82855,10522167.612794999,2297087.536616,287.52119799999997,0.00016299999999999998,47.125744,1.934416
2020-07-08,DE-BY,68.831132,9956175.225635001,2291722.404672,289.142909,0.0020109999999999998,36.798596,2.559809
2020-07-09,DE-BY,64.874557,13574617.386364,2288914.831439,293.343754,0.000839,38.62384,2.635942
2020-07-10,DE-BY,63.003139000000004,17123828.457911998,2284268.835017,293.951982,0.003476,44.65251,3.5797120000000002
2020-07-11,DE-BY,74.696303,7267818.780933999,2301768.322811,288.331254,0.010551000000000001,33.741256,2.1414169999999997
2020-07-12,DE-BY,63.018618000000004,11288123.846801,2309406.5288299997,288.44012999999995,0.000278,46.760409,1.983238
2020-07-13,DE-BY,57.63781899999999,15516500.976431,2301181.385311,289.648959,2e-06,40.986438,2.155498
2020-07-14,DE-BY,56.62873100000001,14483681.257576002,2286940.8752099997,290.745169,0.00015900000000000002,41.260052,1.585824
2020-07-15,DE-BY,78.02476,6570308.262626,2284313.7342169997,288.784206,0.008752,29.394004,2.307721
2020-07-16,DE-BY,90.00559799999999,505416.760377,2291445.417508,286.668943,0.010125,24.341423000000002,2.037587
2020-07-17,DE-BY,75.598295,10408194.210438,2295997.569234,288.32702,0.0037270000000000003,35.602546000000004,1.7921209999999999
2020-07-18,DE-BY,69.893254,8212403.21612,2296033.566498,289.69073399999996,0.000977,39.573757,1.6553630000000001
2020-07-19,DE-BY,66.854159,15098208.489898998,2290766.6252099997,292.407298,0.000995,42.493933,1.4740950000000002
2020-07-20,DE-BY,62.116372999999996,15227251.409091,2291839.612795,293.69232900000003,0.000323,44.186296,2.088007
2020-07-21,DE-BY,62.81155,15516234.563973,2298690.336911,292.90842299999997,0.001506,46.069236,2.308897
2020-07-22,DE-BY,56.568898,19277151.705387,2297887.921296,292.03921299999996,0.0019649999999999997,46.027004999999996,1.77825
2020-07-23,DE-BY,58.797439000000004,17975719.744108,2287855.691077,292.259229,0.0012369999999999998,45.040804,1.924983
2020-07-24,DE-BY,61.048609,10647957.186027,2281667.0439810003,292.14963900000004,0.002625,34.807399,2.40415
2020-07-25,DE-BY,60.413903000000005,13576417.644780999,2284392.4210860003,292.993403,0.000414,40.313109999999995,2.191052
2020-07-26,DE-BY,78.279321,8448209.087542,2286200.998737,290.88771099999997,0.008971999999999999,32.019867,2.560916
2020-07-27,DE-BY,66.685461,17840799.991582002,2289922.546507,293.265431,7.900000000000001e-05,40.793719,2.175391
2020-07-28,DE-BY,61.916396999999996,16270130.181818,2284063.2150669997,295.26102599999996,0.003312,40.243041,3.4590059999999996
2020-07-29,DE-BY,57.43119,18028578.975589,2296303.013047,292.758157,0.000754,42.877231,2.109609
2020-07-30,DE-BY,54.973902,20910745.705387,2297377.006944,294.068039,3.8e-05,43.984891999999995,1.5121200000000001
2020-07-31,DE-BY,52.619827,20596725.787879,2292953.0753369997,296.33540899999997,7.6e-05,43.825839,1.582645
2020-08-01,DE-BY,55.606828,18412038.262626,2286892.273359,297.125898,0.0005059999999999999,44.967403999999995,2.093328
2020-08-02,DE-BY,80.086628,4754804.025673,2283722.2428450002,292.609054,0.014315999999999999,28.065548,2.272148
2020-08-03,DE-BY,85.275521,3090337.7215380003,2276890.939184,289.35314900000003,0.02484,24.266595000000002,2.3480689999999997
2020-08-04,DE-BY,83.002838,3144155.666739,2286604.035564,286.982121,0.01326,23.514157,2.314567
2020-08-05,DE-BY,69.91520200000001,12216983.37037,2296350.4720119997,289.21271,5.9999999999999995e-05,42.234237,1.9452630000000002
2020-08-06,DE-BY,65.75748399999999,18127310.654882,2299633.502315,292.298208,1e-05,44.333095,1.994905
2020-08-07,DE-BY,63.293490000000006,19369768.750842,2300536.010522,295.081752,1.4999999999999999e-05,43.972044,1.97279
2020-08-08,DE-BY,58.901755,19103506.175084,2299712.603956,296.165028,1.1e-05,43.628837,1.524724
2020-08-09,DE-BY,57.301494999999996,16790850.979798,2294326.6813970003,296.59070499999996,0.000102,43.107661,1.6415349999999997
2020-08-10,DE-BY,60.37684599999999,16782501.828282997,2289161.292929,296.610497,0.0010539999999999998,42.552463,2.2530639999999997
2020-08-11,DE-BY,66.09761800000001,16530636.043770999,2292743.526094,295.974644,0.0008869999999999999,41.364502,2.2158990000000003
2020-08-12,DE-BY,63.397445999999995,17390336.001684,2291141.589857,296.37626800000004,0.00015900000000000002,41.396502000000005,2.2265669999999997
2020-08-13,DE-BY,75.353335,6751035.271254,2287769.6142680002,293.682564,0.005504,31.026767,2.283875
2020-08-14,DE-BY,81.04066,7965547.328492999,2286711.63931,292.84746,0.008292,27.995835999999997,2.036867
2020-08-15,DE-BY,81.958635,8423367.897727,2286590.716751,293.025581,0.005856,28.257315999999996,1.8482880000000002
2020-08-16,DE-BY,74.279588,14297862.760943,2281148.49516,293.970645,0.00047000000000000004,38.665953,2.1597169999999997
2020-08-17,DE-BY,78.768287,6849232.680135,2279772.5176770003,291.95068100000003,0.0058850000000000005,25.33369,2.286764
2020-08-18,DE-BY,75.743279,9900922.243266,2280760.88952,291.291243,0.003725,31.598739000000002,2.419033
2020-08-19,DE-BY,70.530426,13712057.257576,2280331.3404880003,291.55884199999997,0.000528,36.917202,1.66682
2020-08-20,DE-BY,65.33121,14301043.262626002,2281464.2969279997,294.634048,0.00042699999999999997,36.657863,1.9263669999999997
2020-08-21,DE-BY,59.548041000000005,16973137.888889,2284329.023569,297.658613,5.2000000000000004e-05,38.33024,2.128386
2020-08-22,DE-BY,79.69506700000001,5014944.078704,2293632.059764,292.47795,0.012539,20.693433,2.5463270000000002
2020-08-23,DE-BY,73.080486,9536698.346801,2293583.564815,290.537279,0.001384,26.064239999999998,2.662867
2020-08-24,DE-BY,68.65046600000001,6326236.070707,2291434.433081,288.847895,0.0007559999999999999,24.946467000000002,2.0329580000000003
2020-08-25,DE-BY,64.334168,10854968.941077,2284334.354377,290.050162,9.4e-05,28.780038,2.186818
2020-08-26,DE-BY,50.474934999999995,13873569.194655,2282306.676978,293.082782,6.1e-05,32.809422,6.2032050000000005
2020-08-27,DE-BY,63.328237,7800333.84133,2288718.271886,289.407979,5.6999999999999996e-05,26.151915,2.226626
2020-08-28,DE-BY,76.67634100000001,8380517.09638,2267428.416667,289.88496000000004,0.009567,24.892457999999998,2.679573
2020-08-29,DE-BY,87.196383,1691561.788474,2268670.229377,287.675337,0.015988,18.840828,2.141887
2020-08-30,DE-BY,91.760363,266342.50478200003,2270833.554714,286.361703,0.021756,14.521532,3.065312
2020-08-31,DE-BY,84.46862,4066133.598274,2289692.106692,286.443857,0.00367,17.129193,1.8247520000000002
2020-09-01,DE-BY,87.258273,4115583.8177610002,2288614.843434,286.010018,0.0059759999999999995,17.204735,1.7805790000000001
2020-09-02,DE-BY,78.307448,9264649.989057,2293223.514941,285.892877,0.0012519999999999999,23.667737,1.325835
2020-09-03,DE-BY,70.950393,9523929.691498,2302908.7051770003,287.721335,0.000563,26.285271999999996,1.946854
2020-09-04,DE-BY,67.003846,12953460.737374,2305487.6529880003,292.057571,2.2e-05,27.087438,2.108464
2020-09-05,DE-BY,73.65724,10437478.420875,2292709.897938,291.392378,0.002045,26.272305,2.643918
2020-09-06,DE-BY,74.841531,4943393.200337,2294775.818813,287.532971,0.006074,18.917916,1.8049130000000002
2020-09-07,DE-BY,73.300501,7665431.0500839995,2305004.614689,286.537817,0.00106,25.616107999999997,1.5506799999999998
2020-09-08,DE-BY,74.083246,13194477.414141001,2313268.475379,287.40212,0.0,27.710326000000002,1.544627
2020-09-09,DE-BY,71.953474,13935589.388889002,2303820.479377,289.427485,9e-06,28.277540000000002,1.678924
2020-09-10,DE-BY,78.097934,6279887.760943,2297662.4246630003,289.410592,0.000391,20.211635,1.7098799999999998
2020-09-11,DE-BY,77.788247,6514002.984848,2292259.169402,290.130304,0.000344,23.897454,1.43111
2020-09-12,DE-BY,75.452156,11568906.744949,2299448.240951,290.593935,9.8e-05,26.790388,1.423425
2020-09-13,DE-BY,73.013074,13582922.372054,2312868.0220959997,291.21664300000003,1e-06,26.298477000000002,1.469424
2020-09-14,DE-BY,70.011104,13916658.60101,2311434.703704,292.035587,0.0,25.507614,1.945177
2020-09-15,DE-BY,71.819,13487524.203704,2301688.955598,292.260646,2.4e-05,25.173804,1.4109049999999999
2020-09-16,DE-BY,73.609223,9717729.057239,2296399.120791,292.112099,0.000759,21.777064000000003,1.585069
2020-09-17,DE-BY,74.003602,8778812.611532,2305076.259259,289.572408,0.002457,21.363193,3.248765
2020-09-18,DE-BY,64.151909,13046166.117844999,2306705.811869,287.000562,7.000000000000001e-06,23.99774,3.280136
2020-09-19,DE-BY,66.082251,12885599.989899,2295301.659091,286.766864,2.4e-05,23.652629,2.008219
2020-09-20,DE-BY,70.826092,11607326.750842,2288246.633628,287.471098,0.000338,23.435284,1.8257450000000002
2020-09-21,DE-BY,73.046918,11105310.808081,2287953.768098,288.321327,0.001117,23.345943,1.349245
2020-09-22,DE-BY,76.711188,9594468.596801,2279047.995791,289.50336,0.00196,21.7133,1.483275
2020-09-23,DE-BY,84.644599,4450235.963541999,2271370.411406,288.353688,0.004488000000000001,13.831787,2.1106580000000004
2020-09-24,DE-BY,80.19979000000001,5704773.770623,2267001.210017,288.422419,0.006340999999999999,15.722579000000001,2.700539
2020-09-25,DE-BY,88.019477,744669.5445600001,2252243.026515,282.34072000000003,0.013438,10.488817999999998,3.3275059999999996
2020-09-26,DE-BY,89.95309,289584.550281,2248752.678872,279.633071,0.011959000000000001,9.130978,4.529746
2020-09-27,DE-BY,78.61954300000001,6187082.655408001,2262012.281987,281.505269,0.000921,15.004876999999999,2.606904
2020-09-28,DE-BY,85.387196,4376393.134693,2277027.75463,280.918407,0.002902,12.53438,1.503392
2020-09-29,DE-BY,88.11072800000001,2373890.193606,2290889.3630049997,282.84609900000004,0.0014990000000000001,12.234832,2.1554439999999997
2020-09-30,DE-BY,86.403462,2332634.6614650004,2286680.844487,284.44762799999995,0.00042,10.850702,1.32388
2020-10-01,DE-BY,85.167177,7061447.967803,2265834.9928450002,284.23687,0.000246,13.708304,1.7328459999999999
2020-10-02,DE-BY,76.318389,4113613.117582,2241322.868056,286.94161099999997,0.000262,13.867476000000002,3.560665
2020-10-03,DE-BY,77.87405600000001,2997887.56713,2235765.5999580002,285.209321,0.0034200000000000003,11.730906,3.426072
2020-10-04,DE-BY,76.532539,8305471.622896001,2252775.367635,283.179202,0.00056,15.319533999999999,2.7089
2020-10-05,DE-BY,78.544197,4043090.5010519996,2265646.613636,283.319613,0.0035229999999999997,10.599096000000001,3.3226459999999998
2020-10-06,DE-BY,83.736122,3284293.120844,2269180.71612,283.570792,0.009606,9.361289999999999,4.075807
2020-10-07,DE-BY,86.68092299999999,2103154.239583,2284031.632997,282.83505,0.0059689999999999995,7.994528,4.121906
2020-10-08,DE-BY,80.09014300000001,2725531.34304,2299212.060185,284.379413,0.000337,11.204616,3.528137
2020-10-09,DE-BY,82.089947,4112048.6137510003,2296853.439815,285.929346,0.002986,9.256364999999999,2.5249
2020-10-10,DE-BY,89.709281,1196116.948824,2297129.0498740003,281.586207,0.006099,7.326671000000001,2.372626
2020-10-11,DE-BY,87.384401,2193829.053246,2294274.548401,278.692266,0.002447,7.752439,1.557636
2020-10-12,DE-BY,89.151904,2855618.3814709997,2291794.433712,278.494345,0.001927,7.7718300000000005,1.829884
2020-10-13,DE-BY,86.561391,3081543.146991,2279308.956229,278.76281800000004,0.00098,7.742327,1.548812
2020-10-14,DE-BY,90.274974,1097550.158643,2275718.645833,278.49586,0.007867,7.068166000000001,2.970766
2020-10-15,DE-BY,91.401684,312904.362606,2280809.76431,279.807608,0.0030670000000000003,5.400071,1.913416
2020-10-16,DE-BY,90.93325,430715.118973,2287443.531355,280.02869599999997,0.00655,5.646324,2.429382
2020-10-17,DE-BY,90.174148,1373535.444734,2291709.2211700003,279.284396,0.002298,5.496788,1.515732
2020-10-18,DE-BY,85.953859,2701329.745686,2300269.099116,279.336834,0.000308,7.887103999999999,1.632282
2020-10-19,DE-BY,81.377525,5166512.741162,2301483.87963,279.172845,4.1e-05,9.456103,1.612541
2020-10-20,DE-BY,82.66273199999999,5297272.359848,2289111.8537459997,279.266192,2.2e-05,8.906376,2.0843599999999998
2020-10-21,DE-BY,77.079124,6260258.553872,2280742.037668,283.418676,3e-06,9.269688,2.255234
2020-10-22,DE-BY,78.96665,5261169.923401,2290517.316077,284.92522,0.0005059999999999999,8.094932,2.1795560000000003
2020-10-23,DE-BY,89.457213,2143883.75002,2285049.939604,285.700517,0.006618000000000001,6.24078,2.218785
2020-10-24,DE-BY,89.123757,2105607.826652,2289480.804714,283.908404,0.004278,6.110635,2.499402
2020-10-25,DE-BY,87.740702,5679092.900673,2273276.8867849996,281.830189,5.7999999999999994e-05,7.4128,2.245054
2020-10-26,DE-BY,93.353493,805903.479387,2264398.530303,280.225674,0.011221,4.19034,2.7789029999999997
2020-10-27,DE-BY,87.751684,2039668.226569,2277236.148569,278.82498599999997,0.002393,5.266714,2.671932
2020-10-28,DE-BY,86.45717900000001,1071519.1495690001,2283616.268729,280.336072,0.0027719999999999997,4.817273,3.196697
2020-10-29,DE-BY,90.029172,1431914.73839,2293659.958965,281.42795,0.012128,5.186533,4.033757
2020-10-30,DE-BY,88.567702,573345.112558,2303434.030513,283.53013,0.004074,4.5575779999999995,4.127317
2020-10-31,DE-BY,84.22888,4597933.154882,2303515.494318,283.038192,8.3e-05,6.023436,2.051612
2020-11-01,DE-BY,91.67095400000001,141654.665167,2294259.976641,282.837104,0.0070810000000000005,3.8468949999999995,2.830015
2020-11-02,DE-BY,82.209859,1089316.989057,2291491.354798,288.259978,0.000607,4.346776,3.486183
2020-11-03,DE-BY,85.20921700000001,305907.58643699996,2304154.743266,284.20054700000003,0.006815000000000001,3.25339,2.382132
2020-11-04,DE-BY,86.191615,1323164.6544879999,2319032.6029040003,279.99427000000003,0.0012699999999999999,3.7111589999999994,2.0172369999999997
2020-11-05,DE-BY,84.35894,3194417.824035,2331075.853956,278.036045,4.5e-05,4.944801,1.882698
2020-11-06,DE-BY,82.8624,4860336.781566001,2324409.178241,276.233226,0.0,4.488936,1.718722
2020-11-07,DE-BY,84.17298100000001,5574322.329545,2312677.9835860003,276.452217,3e-06,4.299429,1.592924
2020-11-08,DE-BY,87.563288,4509398.515572,2307607.4749580002,276.832453,3.2e-05,3.584107,1.3315290000000002
2020-11-09,DE-BY,90.983757,3980576.9367629997,2308189.0906990003,276.293424,2.3e-05,2.929336,1.773957
2020-11-10,DE-BY,94.496546,1934736.9602009999,2311978.4093009997,276.706479,8.6e-05,1.3110870000000001,1.439729
2020-11-11,DE-BY,93.595075,318238.31719000003,2308470.279882,278.222498,0.000193,1.6478709999999999,1.506241
2020-11-12,DE-BY,90.86062199999999,2104928.714857,2300971.611953,279.347289,6.7e-05,2.541518,2.23208
2020-11-13,DE-BY,88.651942,3377587.194865,2299972.8914139997,279.974215,0.000168,3.173091,1.85388
2020-11-14,DE-BY,83.21106,4328064.395202,2297995.422348,281.285212,8.1e-05,4.228765,1.906998
2020-11-15,DE-BY,86.562547,4018540.680109,2288959.950006,278.983951,0.0006309999999999999,3.218177,2.529636
2020-11-16,DE-BY,85.61466,1326989.348207,2297034.438853,280.624774,0.004442,2.5676900000000002,3.6090199999999997
2020-11-17,DE-BY,83.486974,1746424.9100380002,2317505.882197,280.271095,0.000103,2.794314,2.464264
2020-11-18,DE-BY,83.795027,4465202.305496,2313823.370152,278.61512999999997,1.7e-05,3.93005,1.7896599999999998
2020-11-19,DE-BY,86.613123,1118568.9861,2307013.12103,278.477496,0.003462,1.035094,3.55925
2020-11-20,DE-BY,85.34769399999999,2706768.437574,2326473.13019,275.23175299999997,0.001848,2.9414700000000003,2.236042
2020-11-21,DE-BY,88.61466,2769206.5389529997,2328474.0769990003,272.213395,1.4999999999999999e-05,2.459434,1.630953
2020-11-22,DE-BY,82.588817,2635115.19001,2317084.64393,274.04298900000003,0.000265,2.555793,1.619891
2020-11-23,DE-BY,89.08749,910036.027223,2318191.69721,276.35517000000004,0.000852,0.9358790000000001,1.6299620000000001
2020-11-24,DE-BY,91.255015,1517229.579785,2310847.913901,275.075836,3.1e-05,1.366643,2.151708
2020-11-25,DE-BY,91.556101,3089045.619528,2302394.8405009997,273.5811,1.2e-05,0.9914350000000001,2.126763
2020-11-26,DE-BY,93.021424,3348430.098025,2305246.0275990004,272.666133,5e-06,0.889008,1.757757
2020-11-27,DE-BY,92.465875,3113086.8086,2301105.067838,272.408258,5e-06,1.311325,1.73975
2020-11-28,DE-BY,92.82775,3265455.447493,2299120.951121,271.960793,1.1e-05,0.950631,2.251617
2020-11-29,DE-BY,83.636207,2292958.278834,2305415.489918,271.807018,2.7000000000000002e-05,2.4866759999999997,2.3371150000000003
2020-11-30,DE-BY,85.410327,3187512.140227,2306475.622517,270.443853,0.000317,2.9263619999999997,1.8034240000000001
2020-12-01,DE-BY,91.84871700000001,256019.044842,2289952.07453,271.81453799999997,0.004591,0.19628800000000002,1.965475
2020-12-02,DE-BY,86.76684200000001,1304285.297501,2286010.995048,270.88696400000003,0.000233,0.526053,2.171035
2020-12-03,DE-BY,85.713481,1490344.441392,2262983.2290919996,270.70285099999995,0.000508,0.7847970000000001,2.412501
2020-12-04,DE-BY,80.465006,1797130.934422,2233717.677909,272.493475,0.0007610000000000001,1.99655,2.846845
2020-12-05,DE-BY,87.763847,262846.376253,2248880.320039,274.020171,0.006171,0.402926,2.145339
2020-12-06,DE-BY,92.251225,173717.397787,2247124.016908,274.70099,0.005159,0.526053,1.888238
2020-12-07,DE-BY,91.38793199999999,1022908.944557,2254537.710445,274.123432,0.000999,0.759458,2.058362
2020-12-08,DE-BY,87.32130699999999,1124747.491715,2257816.800589,273.578292,0.0009220000000000001,0.775636,2.1349400000000003
2020-12-09,DE-BY,94.533392,71632.392406,2268863.076954,273.791139,0.005668,0.006067,1.8577139999999999
2020-12-10,DE-BY,93.40139599999999,358937.85192800005,2266765.761495,273.273192,0.0004969999999999999,0.16178900000000002,1.161299
2020-12-11,DE-BY,89.444505,583523.469551,2253110.175604,272.953936,0.00024900000000000004,0.369498,2.627256
2020-12-12,DE-BY,92.10293399999999,701342.38271,2253785.822879,274.329188,0.001696,0.014750999999999998,2.2319720000000003
2020-12-13,DE-BY,96.075074,250573.967034,2279948.6965860003,276.284362,0.001917,0.011301,1.911919
2020-12-14,DE-BY,91.018967,1772756.8645799998,2286196.4649509997,275.510853,5e-06,0.8411850000000001,2.4007110000000003
2020-12-15,DE-BY,92.12717099999999,741828.793345,2287506.879342,275.71412200000003,0.000656,0.26861799999999997,2.026421
2020-12-16,DE-BY,93.234959,1071265.723819,2297373.745688,276.29246,0.000618,0.353914,1.935402
2020-12-17,DE-BY,92.995275,2015536.802596,2307211.246312,275.36632799999995,1.9e-05,0.8076369999999999,2.363294
2020-12-18,DE-BY,93.590622,2399182.06734,2310098.374182,274.854375,6e-06,0.85665,1.870781
2020-12-19,DE-BY,92.95255,2603648.309154,2302706.295414,273.375229,6e-06,0.624078,2.601485
2020-12-20,DE-BY,92.540003,2031458.838148,2304176.311875,273.06962200000004,0.0007610000000000001,0.312158,2.256105
2020-12-21,DE-BY,94.60284300000001,328260.635855,2304241.079571,275.50400099999996,0.0043219999999999995,0.387223,2.297787
2020-12-22,DE-BY,91.11300899999999,220948.522035,2294911.8903759997,281.807563,0.009149,0.135023,4.721108
2020-12-23,DE-BY,88.386746,296357.01978000003,2287417.558738,282.635361,0.011038,0.132167,3.1675400000000002
2020-12-24,DE-BY,87.964946,908627.834092,2276737.904205,278.557005,0.007476999999999999,0.258268,4.105899
2020-12-25,DE-BY,88.75549699999999,574378.92431,2292308.847817,273.596707,0.0057799999999999995,0.0009519999999999999,3.0189310000000003
2020-12-26,DE-BY,82.64222600000001,889016.4472780001,2303586.817377,271.060682,0.000324,1.231739,2.483184
2020-12-27,DE-BY,77.822477,1814487.6629830003,2251589.89735,270.09922,0.00044100000000000004,1.529979,3.35055
2020-12-28,DE-BY,85.41162,134733.804298,2212828.379699,272.895614,0.0034340000000000004,0.483821,2.42961
2020-12-29,DE-BY,86.531341,1800433.641569,2235338.931641,273.507502,0.0017649999999999999,1.095051,3.105689
2020-12-30,DE-BY,89.20137199999999,2544358.234462,2261437.1094009997,272.99051000000003,0.000299,1.5503209999999998,2.071326
2020-12-31,DE-BY,84.736072,1951332.829056,2265788.018469,272.725815,0.001097,2.163455,2.288222
2021-01-01,DE-BY,88.276772,1423918.584928,2269213.322389,272.49396,0.00037799999999999997,0.293838,1.3492309999999998
2021-01-02,DE-BY,89.692021,747164.753454,2275457.778239,271.72353799999996,0.000654,0.06043300000000001,2.17456
2021-01-03,DE-BY,91.25079000000001,396995.724472,2273786.785867,272.08811000000003,0.001835,0.07232899999999999,1.467554
2021-01-04,DE-BY,88.396713,1109380.226215,2278626.57682,272.091922,0.000194,0.182013,1.761795
2021-01-05,DE-BY,89.67531,714906.224836,2276531.97701,272.235316,0.001318,0.361765,1.8425209999999999
2021-01-06,DE-BY,91.952907,120920.548855,2276062.587125,272.29535899999996,0.004926,0.024387,2.258167
2021-01-07,DE-BY,88.255563,1617836.039362,2281191.743591,272.151702,0.000924,0.602665,2.467184
2021-01-08,DE-BY,87.098016,883418.622559,2284243.671559,271.766541,0.0016719999999999999,0.514632,2.871198
2021-01-09,DE-BY,86.309789,994804.629818,2297539.294418,270.464954,0.00040300000000000004,1.0866049999999998,1.610364
2021-01-10,DE-BY,87.381036,1909109.469025,2302211.404235,268.57577599999996,7.7e-05,1.714609,1.384957
2021-01-11,DE-BY,88.140741,2181338.958348,2299201.2150990004,266.24788,2.1e-05,1.2416129999999999,1.88343
2021-01-12,DE-BY,88.770938,46369.101561,2278633.367565,271.413062,0.009337,0.110635,5.077789
2021-01-13,DE-BY,84.28550899999999,1808945.562723,2284215.36013,272.63543300000003,0.002882,1.323935,4.675929
2021-01-14,DE-BY,82.35122,512173.184567,2287798.259428,271.857942,0.0046619999999999995,0.190459,3.625265
2021-01-15,DE-BY,85.736478,2495972.539473,2300638.577816,269.15398999999996,0.0008449999999999999,1.481442,1.990071
2021-01-16,DE-BY,80.457269,1305961.437745,2303870.30557,269.178534,0.000857,0.6600050000000001,2.552598
2021-01-17,DE-BY,87.30807800000001,426369.712427,2293372.852427,269.328807,0.004499,0.090174,1.466317
2021-01-18,DE-BY,89.630279,1052836.516175,2304086.985591,272.795646,0.0037,0.21865300000000001,3.9482489999999997
2021-01-19,DE-BY,82.940118,961204.802852,2289295.791919,272.96685,0.003849,1.7657630000000002,4.119152
2021-01-20,DE-BY,79.564722,2323683.712185,2272183.734639,274.106807,3e-06,2.557935,2.706298
2021-01-21,DE-BY,73.984806,3300774.4161259998,2257330.691307,276.22378199999997,0.000826,2.420295,3.582069
2021-01-22,DE-BY,74.573198,3033844.590895,2241320.191232,277.93147200000004,0.002305,2.782536,3.4960690000000003
2021-01-23,DE-BY,90.026788,462642.431556,2243694.375193,273.719281,0.008098000000000001,1.142279,3.5352879999999995
2021-01-24,DE-BY,82.25288,2381189.371189,2247667.9797610003,272.170814,0.004104,2.166548,4.906105999999999
2021-01-25,DE-BY,87.52488100000001,406758.338993,2260773.485382,270.112208,0.0032409999999999995,0.60207,1.9217220000000002
2021-01-26,DE-BY,86.13030400000001,575458.988106,2287194.210281,271.73586,0.005398,0.24078000000000002,5.174456
2021-01-27,DE-BY,85.811611,913470.756835,2286779.513621,271.532174,0.0026420000000000003,2.179753,2.8612740000000003
2021-01-28,DE-BY,94.725471,17657.696781,2265721.185002,275.491109,0.018357,0.495004,4.062618
2021-01-29,DE-BY,88.461214,1371241.9699280001,2251838.709345,278.489876,0.010731999999999998,1.682727,5.6381760000000005
2021-01-30,DE-BY,87.301354,533205.554115,2252290.3988369997,275.721279,0.008579,1.562812,4.4367220000000005
2021-01-31,DE-BY,87.358549,2783945.8770520003,2253705.362568,272.101404,0.001521,2.421604,2.886635
2021-02-01,DE-BY,91.409766,473164.759179,2245434.307727,273.793281,0.0041530000000000004,0.415537,2.694369
2021-02-02,DE-BY,92.274884,283837.649725,2263905.692853,278.486718,0.008471,0.892934,3.396841
2021-02-03,DE-BY,90.346686,607694.4917520001,2262450.774224,280.71327599999995,0.0099,1.085058,4.521406
2021-02-04,DE-BY,76.528787,3088335.177076,2285355.0771029997,278.843854,0.001172,4.461099,3.6110599999999997
2021-02-05,DE-BY,86.887132,2353060.6673689997,2282805.424444,277.655617,0.003901,2.629788,1.620937
2021-02-06,DE-BY,90.09173299999999,1617065.249218,2268643.7706400002,276.927571,0.00395,1.965382,3.1715419999999996
2021-02-07,DE-BY,90.178345,671163.800871,2246438.3137189997,274.027876,0.010931,1.502022,3.271785
2021-02-08,DE-BY,86.340799,2250639.812649,2243698.286834,270.765966,0.003144,2.3931720000000003,2.375956
2021-02-09,DE-BY,85.296899,1464974.485524,2255910.587958,268.517033,0.000824,1.9727580000000002,1.768835
2021-02-10,DE-BY,83.31987099999999,538273.9161810001,2265181.9785419996,267.00872599999997,0.0034270000000000004,2.861171,3.167193
2021-02-11,DE-BY,76.934111,2393982.895595,2306970.0629310003,264.083572,0.000627,4.364026,2.11544
2021-02-12,DE-BY,74.43911,6987828.98165,2317521.556121,263.30577900000003,1e-05,5.488341999999999,3.3373800000000005
2021-02-13,DE-BY,71.688327,7237338.251725,2332179.787771,264.058704,1e-05,5.756246,3.250029
2021-02-14,DE-BY,71.125056,7665791.232511999,2338833.272529,265.030209,1e-06,6.015941000000001,1.861561
2021-02-15,DE-BY,71.275281,2255640.5584279997,2322964.5839580004,268.429932,0.003012,4.829051,2.50323
2021-02-16,DE-BY,92.14654499999999,1449059.6409729999,2299743.126026,275.130016,0.0017620000000000001,3.146086,2.399893
2021-02-17,DE-BY,85.68084499999999,3379329.5023459997,2298496.626993,277.677819,0.002467,4.594456,3.174984
2021-02-18,DE-BY,77.677178,4164653.324701,2292457.368591,277.173247,0.000304,6.000119000000001,2.3949119999999997
2021-02-19,DE-BY,79.24352900000001,3218013.758878,2297710.531109,278.602996,0.0004940000000000001,4.827147,2.209237
2021-02-20,DE-BY,77.48666999999999,7662123.624673,2298225.8897220003,279.464185,0.0,8.425767,2.263388
2021-02-21,DE-BY,79.447967,8488600.183678,2298125.6235720003,277.870336,1e-06,7.525339,2.583548
