index,date,region,absolute_infections,absolute_deaths,region_code,population,infections_(per_100.000),deaths_(per_100.000)
75,2020-03-03,Thüringen,1,0,DE-TH,2143145,0.04666039861978541,0.0
115,2020-03-07,Thüringen,1,0,DE-TH,2143145,0.04666039861978541,0.0
157,2020-03-10,Thüringen,9,0,DE-TH,2143145,0.4199435875780687,0.0
173,2020-03-11,Thüringen,1,0,DE-TH,2143145,0.04666039861978541,0.0
189,2020-03-12,Thüringen,11,0,DE-TH,2143145,0.5132643848176395,0.0
205,2020-03-13,Thüringen,10,0,DE-TH,2143145,0.4666039861978541,0.0
221,2020-03-14,Thüringen,18,0,DE-TH,2143145,0.8398871751561374,0.0
236,2020-03-15,Thüringen,1,0,DE-TH,2143145,0.04666039861978541,0.0
252,2020-03-16,Thüringen,18,0,DE-TH,2143145,0.8398871751561374,0.0
268,2020-03-17,Thüringen,31,0,DE-TH,2143145,1.4464723572133475,0.0
284,2020-03-18,Thüringen,37,0,DE-TH,2143145,1.7264347489320602,0.0
300,2020-03-19,Thüringen,54,0,DE-TH,2143145,2.519661525468412,0.0
316,2020-03-20,Thüringen,76,0,DE-TH,2143145,3.546190295103691,0.0
332,2020-03-21,Thüringen,38,2,DE-TH,2143145,1.7730951475518455,0.09332079723957082
348,2020-03-22,Thüringen,27,1,DE-TH,2143145,1.259830762734206,0.04666039861978541
364,2020-03-23,Thüringen,52,1,DE-TH,2143145,2.4263407282288414,0.04666039861978541
380,2020-03-24,Thüringen,72,3,DE-TH,2143145,3.3595487006245497,0.13998119585935623
396,2020-03-25,Thüringen,79,3,DE-TH,2143145,3.6861714909630474,0.13998119585935623
412,2020-03-26,Thüringen,74,3,DE-TH,2143145,3.4528694978641203,0.13998119585935623
428,2020-03-27,Thüringen,73,4,DE-TH,2143145,3.406209099244335,0.18664159447914164
444,2020-03-28,Thüringen,68,1,DE-TH,2143145,3.172907106145408,0.04666039861978541
460,2020-03-29,Thüringen,20,1,DE-TH,2143145,0.9332079723957082,0.04666039861978541
476,2020-03-30,Thüringen,35,1,DE-TH,2143145,1.6331139516924893,0.04666039861978541
492,2020-03-31,Thüringen,79,4,DE-TH,2143145,3.6861714909630474,0.18664159447914164
508,2020-04-01,Thüringen,58,2,DE-TH,2143145,2.706303119947554,0.09332079723957082
524,2020-04-02,Thüringen,85,5,DE-TH,2143145,3.9661338826817594,0.23330199309892705
540,2020-04-03,Thüringen,70,4,DE-TH,2143145,3.2662279033849786,0.18664159447914164
556,2020-04-04,Thüringen,50,3,DE-TH,2143145,2.3330199309892707,0.13998119585935623
572,2020-04-05,Thüringen,40,5,DE-TH,2143145,1.8664159447914164,0.23330199309892705
588,2020-04-06,Thüringen,26,2,DE-TH,2143145,1.2131703641144207,0.09332079723957082
604,2020-04-07,Thüringen,72,8,DE-TH,2143145,3.3595487006245497,0.3732831889582833
620,2020-04-08,Thüringen,64,4,DE-TH,2143145,2.986265511666266,0.18664159447914164
636,2020-04-09,Thüringen,70,6,DE-TH,2143145,3.2662279033849786,0.27996239171871246
652,2020-04-10,Thüringen,27,8,DE-TH,2143145,1.259830762734206,0.3732831889582833
668,2020-04-11,Thüringen,27,4,DE-TH,2143145,1.259830762734206,0.18664159447914164
684,2020-04-12,Thüringen,32,5,DE-TH,2143145,1.493132755833133,0.23330199309892705
700,2020-04-13,Thüringen,20,2,DE-TH,2143145,0.9332079723957082,0.09332079723957082
716,2020-04-14,Thüringen,44,8,DE-TH,2143145,2.053057539270558,0.3732831889582833
732,2020-04-15,Thüringen,42,5,DE-TH,2143145,1.959736742030987,0.23330199309892705
748,2020-04-16,Thüringen,81,1,DE-TH,2143145,3.779492288202618,0.04666039861978541
764,2020-04-17,Thüringen,36,3,DE-TH,2143145,1.6797743503122748,0.13998119585935623
780,2020-04-18,Thüringen,47,4,DE-TH,2143145,2.1930387351299143,0.18664159447914164
795,2020-04-19,Thüringen,16,1,DE-TH,2143145,0.7465663779165665,0.04666039861978541
811,2020-04-20,Thüringen,38,7,DE-TH,2143145,1.7730951475518455,0.32662279033849784
827,2020-04-21,Thüringen,75,4,DE-TH,2143145,3.4995298964839057,0.18664159447914164
843,2020-04-22,Thüringen,56,3,DE-TH,2143145,2.6129823227079827,0.13998119585935623
858,2020-04-23,Thüringen,66,2,DE-TH,2143145,3.0795863089058373,0.09332079723957082
874,2020-04-24,Thüringen,46,2,DE-TH,2143145,2.1463783365101285,0.09332079723957082
890,2020-04-25,Thüringen,25,3,DE-TH,2143145,1.1665099654946354,0.13998119585935623
905,2020-04-26,Thüringen,21,1,DE-TH,2143145,0.9798683710154935,0.04666039861978541
921,2020-04-27,Thüringen,28,3,DE-TH,2143145,1.3064911613539913,0.13998119585935623
937,2020-04-28,Thüringen,77,8,DE-TH,2143145,3.5928506937234763,0.3732831889582833
953,2020-04-29,Thüringen,43,3,DE-TH,2143145,2.0063971406507726,0.13998119585935623
969,2020-04-30,Thüringen,60,8,DE-TH,2143145,2.799623917187125,0.3732831889582833
985,2020-05-01,Thüringen,14,0,DE-TH,2143145,0.6532455806769957,0.0
1001,2020-05-02,Thüringen,21,4,DE-TH,2143145,0.9798683710154935,0.18664159447914164
1015,2020-05-03,Thüringen,1,1,DE-TH,2143145,0.04666039861978541,0.04666039861978541
1031,2020-05-04,Thüringen,30,2,DE-TH,2143145,1.3998119585935624,0.09332079723957082
1047,2020-05-05,Thüringen,41,1,DE-TH,2143145,1.9130763434112017,0.04666039861978541
1063,2020-05-06,Thüringen,45,5,DE-TH,2143145,2.0997179378903432,0.23330199309892705
1079,2020-05-07,Thüringen,48,4,DE-TH,2143145,2.2396991337496996,0.18664159447914164
1094,2020-05-08,Thüringen,26,1,DE-TH,2143145,1.2131703641144207,0.04666039861978541
1110,2020-05-09,Thüringen,31,1,DE-TH,2143145,1.4464723572133475,0.04666039861978541
1125,2020-05-10,Thüringen,8,1,DE-TH,2143145,0.3732831889582833,0.04666039861978541
1141,2020-05-11,Thüringen,32,1,DE-TH,2143145,1.493132755833133,0.04666039861978541
1157,2020-05-12,Thüringen,28,0,DE-TH,2143145,1.3064911613539913,0.0
1173,2020-05-13,Thüringen,16,1,DE-TH,2143145,0.7465663779165665,0.04666039861978541
1189,2020-05-14,Thüringen,25,2,DE-TH,2143145,1.1665099654946354,0.09332079723957082
1205,2020-05-15,Thüringen,21,2,DE-TH,2143145,0.9798683710154935,0.09332079723957082
1221,2020-05-16,Thüringen,24,1,DE-TH,2143145,1.1198495668748498,0.04666039861978541
1236,2020-05-17,Thüringen,9,1,DE-TH,2143145,0.4199435875780687,0.04666039861978541
1249,2020-05-18,Thüringen,10,1,DE-TH,2143145,0.4666039861978541,0.04666039861978541
1265,2020-05-19,Thüringen,34,0,DE-TH,2143145,1.586453553072704,0.0
1281,2020-05-20,Thüringen,21,1,DE-TH,2143145,0.9798683710154935,0.04666039861978541
1296,2020-05-21,Thüringen,20,0,DE-TH,2143145,0.9332079723957082,0.0
1311,2020-05-22,Thüringen,18,1,DE-TH,2143145,0.8398871751561374,0.04666039861978541
1324,2020-05-23,Thüringen,14,2,DE-TH,2143145,0.6532455806769957,0.09332079723957082
1336,2020-05-24,Thüringen,11,0,DE-TH,2143145,0.5132643848176395,0.0
1351,2020-05-25,Thüringen,18,2,DE-TH,2143145,0.8398871751561374,0.09332079723957082
1366,2020-05-26,Thüringen,36,1,DE-TH,2143145,1.6797743503122748,0.04666039861978541
1380,2020-05-27,Thüringen,24,0,DE-TH,2143145,1.1198495668748498,0.0
1395,2020-05-28,Thüringen,36,2,DE-TH,2143145,1.6797743503122748,0.09332079723957082
1411,2020-05-29,Thüringen,16,0,DE-TH,2143145,0.7465663779165665,0.0
1426,2020-05-30,Thüringen,13,3,DE-TH,2143145,0.6065851820572103,0.13998119585935623
1438,2020-05-31,Thüringen,7,1,DE-TH,2143145,0.32662279033849784,0.04666039861978541
1451,2020-06-01,Thüringen,2,0,DE-TH,2143145,0.09332079723957082,0.0
1466,2020-06-02,Thüringen,4,0,DE-TH,2143145,0.18664159447914164,0.0
1480,2020-06-03,Thüringen,20,0,DE-TH,2143145,0.9332079723957082,0.0
1495,2020-06-04,Thüringen,16,0,DE-TH,2143145,0.7465663779165665,0.0
1511,2020-06-05,Thüringen,20,0,DE-TH,2143145,0.9332079723957082,0.0
1526,2020-06-06,Thüringen,6,2,DE-TH,2143145,0.27996239171871246,0.09332079723957082
1539,2020-06-07,Thüringen,6,0,DE-TH,2143145,0.27996239171871246,0.0
1553,2020-06-08,Thüringen,6,0,DE-TH,2143145,0.27996239171871246,0.0
1569,2020-06-09,Thüringen,14,0,DE-TH,2143145,0.6532455806769957,0.0
1585,2020-06-10,Thüringen,22,1,DE-TH,2143145,1.026528769635279,0.04666039861978541
1600,2020-06-11,Thüringen,19,0,DE-TH,2143145,0.8865475737759227,0.0
1616,2020-06-12,Thüringen,8,0,DE-TH,2143145,0.3732831889582833,0.0
1629,2020-06-13,Thüringen,11,0,DE-TH,2143145,0.5132643848176395,0.0
1643,2020-06-14,Thüringen,5,0,DE-TH,2143145,0.23330199309892705,0.0
1658,2020-06-15,Thüringen,2,0,DE-TH,2143145,0.09332079723957082,0.0
1674,2020-06-16,Thüringen,15,0,DE-TH,2143145,0.6999059792967812,0.0
1689,2020-06-17,Thüringen,6,0,DE-TH,2143145,0.27996239171871246,0.0
1704,2020-06-18,Thüringen,5,0,DE-TH,2143145,0.23330199309892705,0.0
1720,2020-06-19,Thüringen,6,0,DE-TH,2143145,0.27996239171871246,0.0
1735,2020-06-20,Thüringen,8,0,DE-TH,2143145,0.3732831889582833,0.0
1761,2020-06-22,Thüringen,5,0,DE-TH,2143145,0.23330199309892705,0.0
1775,2020-06-23,Thüringen,2,0,DE-TH,2143145,0.09332079723957082,0.0
1791,2020-06-24,Thüringen,3,0,DE-TH,2143145,0.13998119585935623,0.0
1807,2020-06-25,Thüringen,4,0,DE-TH,2143145,0.18664159447914164,0.0
1822,2020-06-26,Thüringen,5,1,DE-TH,2143145,0.23330199309892705,0.04666039861978541
1864,2020-06-29,Thüringen,2,0,DE-TH,2143145,0.09332079723957082,0.0
1879,2020-06-30,Thüringen,5,0,DE-TH,2143145,0.23330199309892705,0.0
1894,2020-07-01,Thüringen,1,0,DE-TH,2143145,0.04666039861978541,0.0
1910,2020-07-02,Thüringen,10,0,DE-TH,2143145,0.4666039861978541,0.0
1936,2020-07-04,Thüringen,2,0,DE-TH,2143145,0.09332079723957082,0.0
1948,2020-07-05,Thüringen,2,0,DE-TH,2143145,0.09332079723957082,0.0
1960,2020-07-06,Thüringen,5,1,DE-TH,2143145,0.23330199309892705,0.04666039861978541
1975,2020-07-07,Thüringen,7,0,DE-TH,2143145,0.32662279033849784,0.0
1989,2020-07-08,Thüringen,3,0,DE-TH,2143145,0.13998119585935623,0.0
2004,2020-07-09,Thüringen,2,0,DE-TH,2143145,0.09332079723957082,0.0
2019,2020-07-10,Thüringen,1,0,DE-TH,2143145,0.04666039861978541,0.0
2031,2020-07-11,Thüringen,3,0,DE-TH,2143145,0.13998119585935623,0.0
2044,2020-07-12,Thüringen,1,0,DE-TH,2143145,0.04666039861978541,0.0
2058,2020-07-13,Thüringen,3,0,DE-TH,2143145,0.13998119585935623,0.0
2072,2020-07-14,Thüringen,7,0,DE-TH,2143145,0.32662279033849784,0.0
2088,2020-07-15,Thüringen,9,0,DE-TH,2143145,0.4199435875780687,0.0
2103,2020-07-16,Thüringen,5,0,DE-TH,2143145,0.23330199309892705,0.0
2119,2020-07-17,Thüringen,3,0,DE-TH,2143145,0.13998119585935623,0.0
2134,2020-07-18,Thüringen,1,0,DE-TH,2143145,0.04666039861978541,0.0
2147,2020-07-19,Thüringen,1,0,DE-TH,2143145,0.04666039861978541,0.0
2162,2020-07-20,Thüringen,2,0,DE-TH,2143145,0.09332079723957082,0.0
2178,2020-07-21,Thüringen,1,0,DE-TH,2143145,0.04666039861978541,0.0
2194,2020-07-22,Thüringen,1,0,DE-TH,2143145,0.04666039861978541,0.0
2210,2020-07-23,Thüringen,12,0,DE-TH,2143145,0.5599247834374249,0.0
2226,2020-07-24,Thüringen,2,0,DE-TH,2143145,0.09332079723957082,0.0
2241,2020-07-25,Thüringen,6,0,DE-TH,2143145,0.27996239171871246,0.0
2254,2020-07-26,Thüringen,1,0,DE-TH,2143145,0.04666039861978541,0.0
2270,2020-07-27,Thüringen,4,0,DE-TH,2143145,0.18664159447914164,0.0
2286,2020-07-28,Thüringen,6,1,DE-TH,2143145,0.27996239171871246,0.04666039861978541
2302,2020-07-29,Thüringen,3,0,DE-TH,2143145,0.13998119585935623,0.0
2318,2020-07-30,Thüringen,6,1,DE-TH,2143145,0.27996239171871246,0.04666039861978541
2334,2020-07-31,Thüringen,6,0,DE-TH,2143145,0.27996239171871246,0.0
2350,2020-08-01,Thüringen,3,0,DE-TH,2143145,0.13998119585935623,0.0
2364,2020-08-02,Thüringen,1,0,DE-TH,2143145,0.04666039861978541,0.0
2379,2020-08-03,Thüringen,10,0,DE-TH,2143145,0.4666039861978541,0.0
2395,2020-08-04,Thüringen,4,0,DE-TH,2143145,0.18664159447914164,0.0
2411,2020-08-05,Thüringen,11,0,DE-TH,2143145,0.5132643848176395,0.0
2427,2020-08-06,Thüringen,14,0,DE-TH,2143145,0.6532455806769957,0.0
2443,2020-08-07,Thüringen,10,0,DE-TH,2143145,0.4666039861978541,0.0
2459,2020-08-08,Thüringen,2,0,DE-TH,2143145,0.09332079723957082,0.0
2474,2020-08-09,Thüringen,1,0,DE-TH,2143145,0.04666039861978541,0.0
2490,2020-08-10,Thüringen,13,0,DE-TH,2143145,0.6065851820572103,0.0
2506,2020-08-11,Thüringen,14,0,DE-TH,2143145,0.6532455806769957,0.0
2522,2020-08-12,Thüringen,19,0,DE-TH,2143145,0.8865475737759227,0.0
2538,2020-08-13,Thüringen,11,0,DE-TH,2143145,0.5132643848176395,0.0
2554,2020-08-14,Thüringen,11,0,DE-TH,2143145,0.5132643848176395,0.0
2570,2020-08-15,Thüringen,1,0,DE-TH,2143145,0.04666039861978541,0.0
2586,2020-08-16,Thüringen,2,0,DE-TH,2143145,0.09332079723957082,0.0
2602,2020-08-17,Thüringen,5,0,DE-TH,2143145,0.23330199309892705,0.0
2618,2020-08-18,Thüringen,13,0,DE-TH,2143145,0.6065851820572103,0.0
2634,2020-08-19,Thüringen,6,0,DE-TH,2143145,0.27996239171871246,0.0
2650,2020-08-20,Thüringen,13,0,DE-TH,2143145,0.6065851820572103,0.0
2666,2020-08-21,Thüringen,9,0,DE-TH,2143145,0.4199435875780687,0.0
2682,2020-08-22,Thüringen,7,0,DE-TH,2143145,0.32662279033849784,0.0
2698,2020-08-23,Thüringen,4,0,DE-TH,2143145,0.18664159447914164,0.0
2714,2020-08-24,Thüringen,10,1,DE-TH,2143145,0.4666039861978541,0.04666039861978541
2730,2020-08-25,Thüringen,9,0,DE-TH,2143145,0.4199435875780687,0.0
2746,2020-08-26,Thüringen,7,0,DE-TH,2143145,0.32662279033849784,0.0
2762,2020-08-27,Thüringen,14,0,DE-TH,2143145,0.6532455806769957,0.0
2778,2020-08-28,Thüringen,23,0,DE-TH,2143145,1.0731891682550643,0.0
2794,2020-08-29,Thüringen,9,0,DE-TH,2143145,0.4199435875780687,0.0
2823,2020-08-31,Thüringen,5,0,DE-TH,2143145,0.23330199309892705,0.0
2839,2020-09-01,Thüringen,10,0,DE-TH,2143145,0.4666039861978541,0.0
2855,2020-09-02,Thüringen,11,0,DE-TH,2143145,0.5132643848176395,0.0
2871,2020-09-03,Thüringen,12,0,DE-TH,2143145,0.5599247834374249,0.0
2887,2020-09-04,Thüringen,18,0,DE-TH,2143145,0.8398871751561374,0.0
2903,2020-09-05,Thüringen,4,0,DE-TH,2143145,0.18664159447914164,0.0
2918,2020-09-06,Thüringen,7,1,DE-TH,2143145,0.32662279033849784,0.04666039861978541
2934,2020-09-07,Thüringen,4,0,DE-TH,2143145,0.18664159447914164,0.0
2950,2020-09-08,Thüringen,10,0,DE-TH,2143145,0.4666039861978541,0.0
2966,2020-09-09,Thüringen,19,0,DE-TH,2143145,0.8865475737759227,0.0
2982,2020-09-10,Thüringen,19,0,DE-TH,2143145,0.8865475737759227,0.0
2998,2020-09-11,Thüringen,24,1,DE-TH,2143145,1.1198495668748498,0.04666039861978541
3014,2020-09-12,Thüringen,23,0,DE-TH,2143145,1.0731891682550643,0.0
3030,2020-09-13,Thüringen,13,0,DE-TH,2143145,0.6065851820572103,0.0
3046,2020-09-14,Thüringen,17,0,DE-TH,2143145,0.793226776536352,0.0
3062,2020-09-15,Thüringen,26,1,DE-TH,2143145,1.2131703641144207,0.04666039861978541
3077,2020-09-16,Thüringen,25,0,DE-TH,2143145,1.1665099654946354,0.0
3093,2020-09-17,Thüringen,25,0,DE-TH,2143145,1.1665099654946354,0.0
3109,2020-09-18,Thüringen,32,0,DE-TH,2143145,1.493132755833133,0.0
3125,2020-09-19,Thüringen,7,0,DE-TH,2143145,0.32662279033849784,0.0
3140,2020-09-20,Thüringen,6,0,DE-TH,2143145,0.27996239171871246,0.0
3156,2020-09-21,Thüringen,26,1,DE-TH,2143145,1.2131703641144207,0.04666039861978541
3172,2020-09-22,Thüringen,17,0,DE-TH,2143145,0.793226776536352,0.0
3188,2020-09-23,Thüringen,21,0,DE-TH,2143145,0.9798683710154935,0.0
3204,2020-09-24,Thüringen,21,0,DE-TH,2143145,0.9798683710154935,0.0
3220,2020-09-25,Thüringen,18,0,DE-TH,2143145,0.8398871751561374,0.0
3236,2020-09-26,Thüringen,7,1,DE-TH,2143145,0.32662279033849784,0.04666039861978541
3252,2020-09-27,Thüringen,3,0,DE-TH,2143145,0.13998119585935623,0.0
3268,2020-09-28,Thüringen,8,0,DE-TH,2143145,0.3732831889582833,0.0
3284,2020-09-29,Thüringen,15,0,DE-TH,2143145,0.6999059792967812,0.0
3300,2020-09-30,Thüringen,31,1,DE-TH,2143145,1.4464723572133475,0.04666039861978541
3316,2020-10-01,Thüringen,29,0,DE-TH,2143145,1.353151559973777,0.0
3332,2020-10-02,Thüringen,30,0,DE-TH,2143145,1.3998119585935624,0.0
3348,2020-10-03,Thüringen,42,0,DE-TH,2143145,1.959736742030987,0.0
3364,2020-10-04,Thüringen,7,0,DE-TH,2143145,0.32662279033849784,0.0
3380,2020-10-05,Thüringen,10,0,DE-TH,2143145,0.4666039861978541,0.0
3396,2020-10-06,Thüringen,18,1,DE-TH,2143145,0.8398871751561374,0.04666039861978541
3412,2020-10-07,Thüringen,44,1,DE-TH,2143145,2.053057539270558,0.04666039861978541
3428,2020-10-08,Thüringen,48,0,DE-TH,2143145,2.2396991337496996,0.0
3444,2020-10-09,Thüringen,60,0,DE-TH,2143145,2.799623917187125,0.0
3460,2020-10-10,Thüringen,53,2,DE-TH,2143145,2.4730011268486267,0.09332079723957082
3476,2020-10-11,Thüringen,8,0,DE-TH,2143145,0.3732831889582833,0.0
3492,2020-10-12,Thüringen,59,0,DE-TH,2143145,2.752963518567339,0.0
3508,2020-10-13,Thüringen,59,1,DE-TH,2143145,2.752963518567339,0.04666039861978541
3524,2020-10-14,Thüringen,78,1,DE-TH,2143145,3.6395110923432616,0.04666039861978541
3540,2020-10-15,Thüringen,74,1,DE-TH,2143145,3.4528694978641203,0.04666039861978541
3556,2020-10-16,Thüringen,124,1,DE-TH,2143145,5.78588942885339,0.04666039861978541
3572,2020-10-17,Thüringen,70,0,DE-TH,2143145,3.2662279033849786,0.0
3588,2020-10-18,Thüringen,32,1,DE-TH,2143145,1.493132755833133,0.04666039861978541
3604,2020-10-19,Thüringen,64,0,DE-TH,2143145,2.986265511666266,0.0
3620,2020-10-20,Thüringen,117,4,DE-TH,2143145,5.459266638514893,0.18664159447914164
3636,2020-10-21,Thüringen,163,1,DE-TH,2143145,7.6056449750250215,0.04666039861978541
3652,2020-10-22,Thüringen,164,2,DE-TH,2143145,7.652305373644807,0.09332079723957082
3668,2020-10-23,Thüringen,198,3,DE-TH,2143145,9.238758926717512,0.13998119585935623
3684,2020-10-24,Thüringen,205,10,DE-TH,2143145,9.56538171705601,0.4666039861978541
3700,2020-10-25,Thüringen,68,1,DE-TH,2143145,3.172907106145408,0.04666039861978541
3716,2020-10-26,Thüringen,95,1,DE-TH,2143145,4.432737868879614,0.04666039861978541
3732,2020-10-27,Thüringen,256,6,DE-TH,2143145,11.945062046665065,0.27996239171871246
3748,2020-10-28,Thüringen,227,3,DE-TH,2143145,10.591910486691289,0.13998119585935623
3764,2020-10-29,Thüringen,229,4,DE-TH,2143145,10.68523128393086,0.18664159447914164
3780,2020-10-30,Thüringen,335,9,DE-TH,2143145,15.63123353762811,0.4199435875780687
3796,2020-10-31,Thüringen,168,3,DE-TH,2143145,7.838946968123948,0.13998119585935623
3812,2020-11-01,Thüringen,59,5,DE-TH,2143145,2.752963518567339,0.23330199309892705
3828,2020-11-02,Thüringen,205,5,DE-TH,2143145,9.56538171705601,0.23330199309892705
3844,2020-11-03,Thüringen,283,8,DE-TH,2143145,13.20489280939927,0.3732831889582833
3860,2020-11-04,Thüringen,330,9,DE-TH,2143145,15.397931544529184,0.4199435875780687
3876,2020-11-05,Thüringen,305,9,DE-TH,2143145,14.23142157903455,0.4199435875780687
3892,2020-11-06,Thüringen,301,5,DE-TH,2143145,14.044779984555408,0.23330199309892705
3908,2020-11-07,Thüringen,234,3,DE-TH,2143145,10.918533277029786,0.13998119585935623
3924,2020-11-08,Thüringen,98,6,DE-TH,2143145,4.57271906473897,0.27996239171871246
3940,2020-11-09,Thüringen,207,4,DE-TH,2143145,9.65870251429558,0.18664159447914164
3956,2020-11-10,Thüringen,299,5,DE-TH,2143145,13.951459187315837,0.23330199309892705
3972,2020-11-11,Thüringen,354,16,DE-TH,2143145,16.517781111404034,0.7465663779165665
3988,2020-11-12,Thüringen,406,14,DE-TH,2143145,18.944121839632878,0.6532455806769957
4004,2020-11-13,Thüringen,387,14,DE-TH,2143145,18.057574265856953,0.6532455806769957
4020,2020-11-14,Thüringen,249,8,DE-TH,2143145,11.618439256326566,0.3732831889582833
4036,2020-11-15,Thüringen,121,4,DE-TH,2143145,5.645908232994034,0.18664159447914164
4052,2020-11-16,Thüringen,240,9,DE-TH,2143145,11.1984956687485,0.4199435875780687
4068,2020-11-17,Thüringen,433,19,DE-TH,2143145,20.20395260236708,0.8865475737759227
4084,2020-11-18,Thüringen,418,26,DE-TH,2143145,19.504046623070302,1.2131703641144207
4100,2020-11-19,Thüringen,473,17,DE-TH,2143145,22.0703685471585,0.793226776536352
4116,2020-11-20,Thüringen,645,29,DE-TH,2143145,30.09595710976159,1.353151559973777
4132,2020-11-21,Thüringen,477,14,DE-TH,2143145,22.25701014163764,0.6532455806769957
4148,2020-11-22,Thüringen,195,6,DE-TH,2143145,9.098777730858155,0.27996239171871246
4164,2020-11-23,Thüringen,380,17,DE-TH,2143145,17.730951475518456,0.793226776536352
4180,2020-11-24,Thüringen,579,20,DE-TH,2143145,27.01637080085575,0.9332079723957082
4196,2020-11-25,Thüringen,549,15,DE-TH,2143145,25.61655884226219,0.6999059792967812
4212,2020-11-26,Thüringen,577,14,DE-TH,2143145,26.92305000361618,0.6532455806769957
4228,2020-11-27,Thüringen,508,20,DE-TH,2143145,23.70348249885099,0.9332079723957082
4244,2020-11-28,Thüringen,371,10,DE-TH,2143145,17.311007887940388,0.4666039861978541
4260,2020-11-29,Thüringen,250,13,DE-TH,2143145,11.665099654946351,0.6065851820572103
4276,2020-11-30,Thüringen,347,13,DE-TH,2143145,16.191158321065537,0.6065851820572103
4292,2020-12-01,Thüringen,500,20,DE-TH,2143145,23.330199309892702,0.9332079723957082
4308,2020-12-02,Thüringen,735,36,DE-TH,2143145,34.29539298554228,1.6797743503122748
4324,2020-12-03,Thüringen,889,26,DE-TH,2143145,41.48109437298923,1.2131703641144207
4340,2020-12-04,Thüringen,695,25,DE-TH,2143145,32.42897704075086,1.1665099654946354
4356,2020-12-05,Thüringen,412,20,DE-TH,2143145,19.22408423135159,0.9332079723957082
4372,2020-12-06,Thüringen,400,16,DE-TH,2143145,18.664159447914166,0.7465663779165665
4388,2020-12-07,Thüringen,434,14,DE-TH,2143145,20.250613000986867,0.6532455806769957
4404,2020-12-08,Thüringen,720,42,DE-TH,2143145,33.59548700624549,1.959736742030987
4420,2020-12-09,Thüringen,868,27,DE-TH,2143145,40.501226001973734,1.259830762734206
4436,2020-12-10,Thüringen,1064,47,DE-TH,2143145,49.64666413145168,2.1930387351299143
4452,2020-12-11,Thüringen,1040,55,DE-TH,2143145,48.526814564576824,2.5663219240881974
4468,2020-12-12,Thüringen,853,29,DE-TH,2143145,39.801320022676954,1.353151559973777
4484,2020-12-13,Thüringen,357,13,DE-TH,2143145,16.65776230726339,0.6065851820572103
4500,2020-12-14,Thüringen,740,37,DE-TH,2143145,34.528694978641205,1.7264347489320602
4516,2020-12-15,Thüringen,886,31,DE-TH,2143145,41.34111317712987,1.4464723572133475
4532,2020-12-16,Thüringen,1174,55,DE-TH,2143145,54.779307979628065,2.5663219240881974
4548,2020-12-17,Thüringen,1224,47,DE-TH,2143145,57.11232791061734,2.1930387351299143
4564,2020-12-18,Thüringen,1223,54,DE-TH,2143145,57.06566751199755,2.519661525468412
4580,2020-12-19,Thüringen,872,38,DE-TH,2143145,40.687867596452875,1.7730951475518455
4596,2020-12-20,Thüringen,400,24,DE-TH,2143145,18.664159447914166,1.1198495668748498
4612,2020-12-21,Thüringen,871,41,DE-TH,2143145,40.64120719783309,1.9130763434112017
4628,2020-12-22,Thüringen,1393,66,DE-TH,2143145,64.99793527736108,3.0795863089058373
4644,2020-12-23,Thüringen,1556,58,DE-TH,2143145,72.6035802523861,2.706303119947554
4660,2020-12-24,Thüringen,993,25,DE-TH,2143145,46.333775829446914,1.1665099654946354
4676,2020-12-25,Thüringen,846,47,DE-TH,2143145,39.47469723233845,2.1930387351299143
4692,2020-12-26,Thüringen,404,29,DE-TH,2143145,18.850801042393307,1.353151559973777
4708,2020-12-27,Thüringen,267,20,DE-TH,2143145,12.458326431482705,0.9332079723957082
4724,2020-12-28,Thüringen,621,39,DE-TH,2143145,28.97610754288674,1.8197555461716308
4740,2020-12-29,Thüringen,1115,48,DE-TH,2143145,52.02634446106073,2.2396991337496996
4756,2020-12-30,Thüringen,1567,75,DE-TH,2143145,73.11684463720374,3.4995298964839057
4772,2020-12-31,Thüringen,939,29,DE-TH,2143145,43.8141143039785,1.353151559973777
4788,2021-01-01,Thüringen,566,30,DE-TH,2143145,26.40978561879854,1.3998119585935624
4804,2021-01-02,Thüringen,410,36,DE-TH,2143145,19.13076343411202,1.6797743503122748
4820,2021-01-03,Thüringen,285,18,DE-TH,2143145,13.298213606638841,0.8398871751561374
4836,2021-01-04,Thüringen,527,36,DE-TH,2143145,24.59003007262691,1.6797743503122748
4852,2021-01-05,Thüringen,1262,50,DE-TH,2143145,58.88542305816919,2.3330199309892707
4868,2021-01-06,Thüringen,1395,36,DE-TH,2143145,65.09125607460065,1.6797743503122748
4884,2021-01-07,Thüringen,1462,53,DE-TH,2143145,68.21750278212627,2.4730011268486267
4900,2021-01-08,Thüringen,1342,47,DE-TH,2143145,62.61825494775202,2.1930387351299143
4916,2021-01-09,Thüringen,585,23,DE-TH,2143145,27.296333192574462,1.0731891682550643
4932,2021-01-10,Thüringen,321,15,DE-TH,2143145,14.977987956951116,0.6999059792967812
4948,2021-01-11,Thüringen,825,42,DE-TH,2143145,38.494828861322965,1.959736742030987
4964,2021-01-12,Thüringen,1169,36,DE-TH,2143145,54.546005986529146,1.6797743503122748
4980,2021-01-13,Thüringen,1202,41,DE-TH,2143145,56.08579914098207,1.9130763434112017
4996,2021-01-14,Thüringen,996,44,DE-TH,2143145,46.47375702530626,2.053057539270558
5012,2021-01-15,Thüringen,907,38,DE-TH,2143145,42.32098154814536,1.7730951475518455
5028,2021-01-16,Thüringen,651,18,DE-TH,2143145,30.3759195014803,0.8398871751561374
5044,2021-01-17,Thüringen,280,15,DE-TH,2143145,13.064911613539914,0.6999059792967812
5060,2021-01-18,Thüringen,478,26,DE-TH,2143145,22.30367054025743,1.2131703641144207
5076,2021-01-19,Thüringen,892,45,DE-TH,2143145,41.62107556884858,2.0997179378903432
5092,2021-01-20,Thüringen,902,31,DE-TH,2143145,42.08767955504644,1.4464723572133475
5108,2021-01-21,Thüringen,763,34,DE-TH,2143145,35.60188414689627,1.586453553072704
5124,2021-01-22,Thüringen,676,18,DE-TH,2143145,31.542429466974934,0.8398871751561374
5140,2021-01-23,Thüringen,492,21,DE-TH,2143145,22.95691612093442,0.9798683710154935
5156,2021-01-24,Thüringen,229,5,DE-TH,2143145,10.68523128393086,0.23330199309892705
5172,2021-01-25,Thüringen,321,15,DE-TH,2143145,14.977987956951116,0.6999059792967812
5188,2021-01-26,Thüringen,702,17,DE-TH,2143145,32.755599831089356,0.793226776536352
5204,2021-01-27,Thüringen,706,28,DE-TH,2143145,32.9422414255685,1.3064911613539913
5220,2021-01-28,Thüringen,676,18,DE-TH,2143145,31.542429466974934,0.8398871751561374
5236,2021-01-29,Thüringen,522,14,DE-TH,2143145,24.356728079527983,0.6532455806769957
5252,2021-01-30,Thüringen,419,10,DE-TH,2143145,19.550707021690087,0.4666039861978541
5268,2021-01-31,Thüringen,154,7,DE-TH,2143145,7.185701387446953,0.32662279033849784
5284,2021-02-01,Thüringen,294,6,DE-TH,2143145,13.71815719421691,0.27996239171871246
5300,2021-02-02,Thüringen,625,16,DE-TH,2143145,29.162749137365882,0.7465663779165665
5316,2021-02-03,Thüringen,685,16,DE-TH,2143145,31.962373054553005,0.7465663779165665
5332,2021-02-04,Thüringen,566,12,DE-TH,2143145,26.40978561879854,0.5599247834374249
5348,2021-02-05,Thüringen,491,15,DE-TH,2143145,22.910255722314634,0.6999059792967812
5364,2021-02-06,Thüringen,309,6,DE-TH,2143145,14.41806317351369,0.27996239171871246
5380,2021-02-07,Thüringen,104,2,DE-TH,2143145,4.852681456457683,0.09332079723957082
5396,2021-02-08,Thüringen,245,4,DE-TH,2143145,11.431797661847424,0.18664159447914164
5412,2021-02-09,Thüringen,270,7,DE-TH,2143145,12.598307627342061,0.32662279033849784
5428,2021-02-10,Thüringen,336,6,DE-TH,2143145,15.677893936247896,0.27996239171871246
5444,2021-02-11,Thüringen,538,11,DE-TH,2143145,25.10329445744455,0.5132643848176395
5460,2021-02-12,Thüringen,430,5,DE-TH,2143145,20.063971406507726,0.23330199309892705
5476,2021-02-13,Thüringen,275,6,DE-TH,2143145,12.831609620440988,0.27996239171871246
5492,2021-02-14,Thüringen,149,2,DE-TH,2143145,6.952399394348026,0.09332079723957082
5508,2021-02-15,Thüringen,259,4,DE-TH,2143145,12.08504324252442,0.18664159447914164
5524,2021-02-16,Thüringen,511,3,DE-TH,2143145,23.843463694710344,0.13998119585935623
5540,2021-02-17,Thüringen,558,1,DE-TH,2143145,26.036502429840258,0.04666039861978541
5556,2021-02-18,Thüringen,498,2,DE-TH,2143145,23.23687851265313,0.09332079723957082
5572,2021-02-19,Thüringen,419,1,DE-TH,2143145,19.550707021690087,0.04666039861978541
5587,2021-02-20,Thüringen,312,0,DE-TH,2143145,14.558044369373047,0.0
5601,2021-02-21,Thüringen,131,0,DE-TH,2143145,6.112512219191889,0.0
