index,date,region_code,relative_humidity_surface,solar_radiation,surface_pressure,temperature_above_ground,total_precipiation,uv_index,wind_speed,region
10,2020-02-13,DE-RP,89.927054,765036.315103,2326436.248215,2.9071970000000533,0.006326,3.7128120000000004,4.820924,Rheinland-Pfalz
64,2020-02-14,DE-RP,83.97186500000001,1257506.689459,2356881.0074380003,5.431289000000049,0.000715,3.225307,4.144386,Rheinland-Pfalz
118,2020-02-15,DE-RP,80.347102,4044580.7261010003,2357504.604621,6.141733000000045,7.900000000000001e-05,5.408171,3.8419339999999997,Rheinland-Pfalz
172,2020-02-16,DE-RP,62.079962,2202728.4363349997,2335395.07735,12.080356000000052,0.0046159999999999994,5.547005,8.292641999999999,Rheinland-Pfalz
226,2020-02-17,DE-RP,82.825281,507557.93178199994,2348892.063963,6.6646089999999845,0.0059770000000000005,4.246331,5.8144800000000005,Rheinland-Pfalz
280,2020-02-18,DE-RP,77.36768000000001,3143448.0961419996,2364367.7878819997,5.228825000000029,0.001644,3.977787,6.222789,Rheinland-Pfalz
334,2020-02-19,DE-RP,76.26004,4486802.019437,2357036.199028,4.267307000000017,0.005442,5.554939,5.8514610000000005,Rheinland-Pfalz
388,2020-02-20,DE-RP,82.4481,1526039.485968,2352007.7441490004,5.834130000000016,0.004017,4.036493,6.173808,Rheinland-Pfalz
442,2020-02-21,DE-RP,75.056461,3344991.572194,2372561.535006,3.9938510000000065,8.4e-05,5.368108,5.193176,Rheinland-Pfalz
496,2020-02-22,DE-RP,73.77809599999999,3983148.6991769997,2367013.2275880002,6.206365000000005,0.001354,5.9373260000000005,6.681905,Rheinland-Pfalz
550,2020-02-23,DE-RP,86.755364,109366.529451,2354815.059004,8.912114000000031,0.007384999999999999,4.02142,8.554511999999999,Rheinland-Pfalz
604,2020-02-24,DE-RP,87.068423,49452.939857,2348215.095696,6.902958000000012,0.004557,3.9397059999999997,4.815265,Rheinland-Pfalz
658,2020-02-25,DE-RP,83.256729,2775848.532933,2314031.481952,6.480970000000013,0.007663,5.576755,6.180471,Rheinland-Pfalz
712,2020-02-26,DE-RP,82.268321,2232595.064756,2313037.8875450003,2.1217720000000213,0.0037990000000000003,4.810393,6.187591,Rheinland-Pfalz
766,2020-02-27,DE-RP,89.982954,86298.970124,2313741.450714,1.1541760000000068,0.015441999999999999,4.690996,4.724309,Rheinland-Pfalz
820,2020-02-28,DE-RP,77.58709499999999,5470363.807418,2343791.7975009996,2.7354910000000245,0.0014140000000000001,7.903213,4.601767,Rheinland-Pfalz
874,2020-02-29,DE-RP,79.502515,2929368.422005,2305919.820904,7.159298000000035,0.004684000000000001,8.211424000000001,6.070967,Rheinland-Pfalz
928,2020-03-01,DE-RP,77.963627,2930393.5596990003,2301032.954582,6.074952000000053,0.010027,6.927410000000001,6.235429,Rheinland-Pfalz
982,2020-03-02,DE-RP,86.15594300000001,3330713.2250599996,2291862.771222,4.771832000000018,0.007855,5.727489,3.425729,Rheinland-Pfalz
1036,2020-03-03,DE-RP,82.211128,6503755.667196,2319196.544923,3.0724030000000084,0.0019850000000000002,6.457755000000001,3.968893,Rheinland-Pfalz
1090,2020-03-04,DE-RP,85.368464,2951019.462713,2335287.3199130003,3.414675999999986,0.001866,6.385561,3.234689,Rheinland-Pfalz
1144,2020-03-05,DE-RP,93.500833,9293.674625,2298077.866918,4.780542000000025,0.015747,4.760016,3.8803,Rheinland-Pfalz
1198,2020-03-06,DE-RP,88.60382299999999,372349.258941,2303382.431376,4.42850500000003,0.008452,5.02856,5.6637379999999995,Rheinland-Pfalz
1252,2020-03-07,DE-RP,75.614453,4325692.517751,2351810.985819,4.503300000000024,0.000983,6.9194759999999995,3.4023800000000004,Rheinland-Pfalz
1306,2020-03-08,DE-RP,77.156563,1586060.65263,2345025.971837,6.934127999999987,0.002397,6.395080999999999,4.843162,Rheinland-Pfalz
1360,2020-03-09,DE-RP,80.528615,4361822.947342,2343015.9814560004,6.05312200000003,0.0017989999999999998,8.755653,4.1409839999999996,Rheinland-Pfalz
1414,2020-03-10,DE-RP,91.346113,755.3218730000001,2334625.633875,7.679570000000069,0.012119,5.851646,7.158192999999999,Rheinland-Pfalz
1468,2020-03-11,DE-RP,84.46074,311972.429636,2342824.214399,11.97825400000005,0.003489,6.528758,7.216301,Rheinland-Pfalz
1522,2020-03-12,DE-RP,73.258797,3912647.1983339996,2340225.766263,9.082204000000047,0.001898,7.290758,6.790547999999999,Rheinland-Pfalz
1576,2020-03-13,DE-RP,72.129203,4641115.642404,2354508.769734,5.351860999999985,0.0009460000000000001,8.596192,5.263222,Rheinland-Pfalz
1630,2020-03-14,DE-RP,77.900262,5670780.940797,2358821.647362,4.769708000000037,0.000904,10.232447,2.131,Rheinland-Pfalz
1684,2020-03-15,DE-RP,64.675955,7353485.789864999,2348060.713804,7.7745460000000435,8e-06,12.322094,3.225749,Rheinland-Pfalz
1738,2020-03-16,DE-RP,67.486703,10127471.645775,2356935.215093,9.779837999999984,0.00027,13.461325,2.162264,Rheinland-Pfalz
1792,2020-03-17,DE-RP,73.399884,7204671.711821001,2377970.125744,10.371758000000057,0.000128,12.878223,2.150028,Rheinland-Pfalz
1846,2020-03-18,DE-RP,76.446701,4706653.5672349995,2374600.996727,9.368116000000043,0.000132,11.599762,1.8380740000000002,Rheinland-Pfalz
1900,2020-03-19,DE-RP,68.925864,5951248.6328839995,2366548.998512,10.668514000000016,2.3e-05,14.803648999999998,1.6457009999999999,Rheinland-Pfalz
1954,2020-03-20,DE-RP,73.930852,6735533.755256,2361531.045022,9.908421000000033,0.0015119999999999999,15.467672,3.5269239999999997,Rheinland-Pfalz
2008,2020-03-21,DE-RP,77.152575,1296849.847611,2364884.1229669997,3.8057000000000016,0.007781999999999999,8.463308,6.325165,Rheinland-Pfalz
2062,2020-03-22,DE-RP,48.538429,14739439.102737,2374835.752281,3.2035060000000044,0.0,16.932963,7.00064,Rheinland-Pfalz
2116,2020-03-23,DE-RP,39.974265,15038710.717969,2382915.629314,2.2534049999999866,0.0,17.146767,5.760211,Rheinland-Pfalz
2170,2020-03-24,DE-RP,38.524503,15117097.678699,2379085.829334,2.5074710000000096,0.0,17.555335,4.56266,Rheinland-Pfalz
2224,2020-03-25,DE-RP,36.107639,15405043.300673999,2365199.218663,3.3530230000000074,0.0,18.02975,4.9523779999999995,Rheinland-Pfalz
2278,2020-03-26,DE-RP,46.813125,13304218.207853999,2354154.441591,4.161031000000037,0.0,18.434748000000003,4.950093,Rheinland-Pfalz
2332,2020-03-27,DE-RP,55.261055000000006,14499774.626339002,2349248.289865,7.6659799999999905,0.0,18.85006,3.5299949999999995,Rheinland-Pfalz
2386,2020-03-28,DE-RP,54.260318000000005,14872543.725109,2354267.569516,9.782774000000018,0.0,19.110670000000002,3.846304,Rheinland-Pfalz
2440,2020-03-29,DE-RP,66.40386099999999,4983745.158469,2366589.152717,3.1679980000000114,0.001545,10.518445,5.941447,Rheinland-Pfalz
2494,2020-03-30,DE-RP,49.308778000000004,15309364.387941001,2373033.878917,2.012817000000041,7.000000000000001e-06,19.332407999999997,3.9924720000000002,Rheinland-Pfalz
2548,2020-03-31,DE-RP,57.590153,8161710.852638001,2371317.1632290003,3.5897090000000276,1.7e-05,18.945656,3.274464,Rheinland-Pfalz
2602,2020-04-01,DE-RP,48.065108,16315074.120586999,2356074.2075569998,3.4397840000000315,0.0,21.193573999999998,1.936191,Rheinland-Pfalz
2656,2020-04-02,DE-RP,53.717376,14273442.539865,2340371.331714,5.277108000000055,0.0,21.838953,2.394457,Rheinland-Pfalz
2710,2020-04-03,DE-RP,64.581843,7057052.314558,2349062.13209,6.072187000000042,0.0006730000000000001,13.184054000000001,3.1307669999999996,Rheinland-Pfalz
2764,2020-04-04,DE-RP,57.553525,16047166.03094,2364425.920468,6.718043000000023,0.0,23.154304,2.338857,Rheinland-Pfalz
2818,2020-04-05,DE-RP,48.251964,17204135.043633,2360556.1446849997,10.694847000000038,0.0,23.420865,3.991197,Rheinland-Pfalz
2872,2020-04-06,DE-RP,44.214735,17365076.771916002,2362701.4576560003,12.893089000000032,0.0,23.613249,3.252021,Rheinland-Pfalz
2926,2020-04-07,DE-RP,55.345903,14813478.545022,2377297.540559,14.223304999999982,2e-06,23.800476,2.648357,Rheinland-Pfalz
2980,2020-04-08,DE-RP,50.464399,14797987.08806,2368219.528957,15.016761000000031,0.0,24.026973,1.9473790000000002,Rheinland-Pfalz
3034,2020-04-09,DE-RP,48.699515999999996,12064176.570012,2365733.237604,15.411452999999995,1e-05,23.775089,2.0228479999999998,Rheinland-Pfalz
3088,2020-04-10,DE-RP,53.080028000000006,14806717.429591,2367017.808013,14.647103000000016,9e-06,24.247124,2.725225,Rheinland-Pfalz
3142,2020-04-11,DE-RP,47.462915,15112219.394288,2363850.598175,14.30193700000001,3e-06,24.435145000000002,2.4049720000000003,Rheinland-Pfalz
3196,2020-04-12,DE-RP,48.448408,15193455.399445001,2347812.159262,14.936333999999988,0.000625,23.87386,2.0505400000000003,Rheinland-Pfalz
3250,2020-04-13,DE-RP,62.078924,12937465.945260001,2352141.7821299997,8.384906999999998,0.001241,17.87862,4.014946,Rheinland-Pfalz
3304,2020-04-14,DE-RP,55.145833999999994,8211596.709837,2367992.8808009997,4.570881000000043,7.000000000000001e-06,23.685442000000002,3.0930299999999997,Rheinland-Pfalz
3358,2020-04-15,DE-RP,49.565255,18884015.08449,2363526.185343,8.582189000000028,0.0,24.605315,2.612955,Rheinland-Pfalz
3412,2020-04-16,DE-RP,49.14819,15594095.850456,2350362.343614,13.635925000000043,1.3000000000000001e-05,25.574375,2.370376,Rheinland-Pfalz
3466,2020-04-17,DE-RP,55.194078000000005,14769857.433954999,2345907.3633479998,15.76439700000003,0.000145,27.380008,1.674405,Rheinland-Pfalz
3520,2020-04-18,DE-RP,66.772483,10621203.370091,2346301.7926419997,14.925219000000027,0.003773,22.725506,2.453239,Rheinland-Pfalz
3574,2020-04-19,DE-RP,71.519515,6138876.118604,2348298.2217369997,12.431421,0.000434,23.298691,3.824441,Rheinland-Pfalz
3628,2020-04-20,DE-RP,39.842605999999996,19842676.355414998,2346327.808905,12.21305000000001,0.0,29.426815,6.8632979999999995,Rheinland-Pfalz
3682,2020-04-21,DE-RP,35.617348,20304417.021023,2344947.541749,13.542257000000006,0.0,30.040857,6.863235,Rheinland-Pfalz
3736,2020-04-22,DE-RP,37.277172,20660153.666006,2351878.642205,14.320899999999995,0.0,30.758826000000003,5.361530999999999,Rheinland-Pfalz
3790,2020-04-23,DE-RP,42.870543,20563557.593019,2354076.99048,14.141685999999993,0.0,31.609282,2.822876,Rheinland-Pfalz
3844,2020-04-24,DE-RP,47.067791,17556800.990877,2340486.824871,14.107681000000014,0.0,30.794526,3.162121,Rheinland-Pfalz
3898,2020-04-25,DE-RP,56.34423,20316632.720349,2338415.1062080003,10.476564000000053,1e-06,32.338753999999994,2.676502,Rheinland-Pfalz
3952,2020-04-26,DE-RP,51.530053,20501805.00357,2334831.4551770003,11.833439999999996,0.0,33.402221000000004,1.864425,Rheinland-Pfalz
4006,2020-04-27,DE-RP,52.629901000000004,17916937.666401997,2330116.540361,13.774593000000039,1e-06,33.383975,2.395147,Rheinland-Pfalz
4060,2020-04-28,DE-RP,76.962577,4197451.803947,2323311.221837,12.442745000000059,0.006663,16.294328,3.540088,Rheinland-Pfalz
4114,2020-04-29,DE-RP,73.197896,10890541.217771001,2327179.174633,12.247331000000031,0.0022129999999999997,22.646964999999998,4.545764,Rheinland-Pfalz
4168,2020-04-30,DE-RP,82.71406800000001,4981159.321053,2319031.76309,10.21874200000002,0.008844,19.665212,5.252205,Rheinland-Pfalz
4222,2020-05-01,DE-RP,83.57673100000001,6956782.601349001,2318956.027469,8.849833000000046,0.008159999999999999,20.980167,4.699706,Rheinland-Pfalz
4276,2020-05-02,DE-RP,77.594041,10623164.752875999,2335986.367711,8.202642000000026,0.00324,27.737009000000004,4.38098,Rheinland-Pfalz
4330,2020-05-03,DE-RP,67.135471,6310698.880206,2352090.654502,10.253688000000011,0.000218,25.458152,1.7039900000000001,Rheinland-Pfalz
4384,2020-05-04,DE-RP,76.28011500000001,9594646.04284,2350436.231753,11.144220000000018,0.002699,21.898056,2.9954810000000003,Rheinland-Pfalz
4438,2020-05-05,DE-RP,60.684245999999995,13142899.522412,2355567.3835779997,9.230917000000034,0.0,31.909956,3.2881099999999996,Rheinland-Pfalz
4492,2020-05-06,DE-RP,49.010588,21504334.698135998,2366074.309798,9.91075699999999,0.0,36.577152000000005,2.8857880000000002,Rheinland-Pfalz
4546,2020-05-07,DE-RP,50.020508,21612359.613645002,2363768.635065,13.05742600000002,0.0,36.894486,1.5901100000000001,Rheinland-Pfalz
4600,2020-05-08,DE-RP,48.972481,14523145.072589999,2351079.724316,15.995837000000051,1.1e-05,35.301864,1.769607,Rheinland-Pfalz
4654,2020-05-09,DE-RP,68.107834,6652482.2780639995,2339726.12862,14.598983000000032,0.002121,27.758429,1.9802819999999999,Rheinland-Pfalz
4708,2020-05-10,DE-RP,79.860936,9659413.455177,2324119.765668,15.623106000000007,0.003356,31.299088,2.4161259999999998,Rheinland-Pfalz
4762,2020-05-11,DE-RP,77.282353,2485871.783159,2331089.39528,6.313308000000006,0.010615000000000001,20.273304,5.707757,Rheinland-Pfalz
4816,2020-05-12,DE-RP,59.807258999999995,16854759.88219,2349959.898949,6.7774780000000305,0.0,38.387545,2.3111080000000004,Rheinland-Pfalz
4870,2020-05-13,DE-RP,60.298564,8441716.686037,2338055.25952,8.38358199999999,6.2e-05,31.768346,3.039756,Rheinland-Pfalz
4924,2020-05-14,DE-RP,59.545694,7577641.422451,2347985.873463,8.881858000000022,0.000263,37.13685,4.262158,Rheinland-Pfalz
4978,2020-05-15,DE-RP,52.439529,17842514.402220998,2355478.756049,10.106101000000024,2e-06,34.804839,3.552141,Rheinland-Pfalz
5032,2020-05-16,DE-RP,52.464953,20361285.316144,2361585.837366,11.664374000000066,0.0,40.038477,2.2489060000000003,Rheinland-Pfalz
5086,2020-05-17,DE-RP,54.991701,20501716.971837,2365307.15004,12.346866000000034,0.0,40.550971999999994,2.326836,Rheinland-Pfalz
5140,2020-05-18,DE-RP,53.703112,20753486.773502998,2365226.199028,15.772016000000065,0.0,40.510115,2.136212,Rheinland-Pfalz
5194,2020-05-19,DE-RP,47.810634,19652019.417295,2361322.76904,18.184843000000058,5.9999999999999995e-05,40.162237,2.543711,Rheinland-Pfalz
5248,2020-05-20,DE-RP,62.90006999999999,10783988.745537,2360912.351051,17.584339000000057,0.000178,39.9048,2.587669,Rheinland-Pfalz
5302,2020-05-21,DE-RP,61.129866,18718134.280841,2360930.6576759997,18.74357500000002,4.2e-05,40.893296,2.0462130000000003,Rheinland-Pfalz
5356,2020-05-22,DE-RP,67.532249,2008905.8745040002,2358341.18455,19.345088000000032,0.003101,32.541055,3.032763,Rheinland-Pfalz
5410,2020-05-23,DE-RP,75.504767,1138401.150474,2369735.754264,12.09402799999998,0.006783,26.328440999999998,3.7568919999999997,Rheinland-Pfalz
5464,2020-05-24,DE-RP,70.819693,7075320.075564999,2381276.546906,12.244280000000003,0.000768,31.309401,4.010981,Rheinland-Pfalz
5518,2020-05-25,DE-RP,69.82861899999999,9520926.387544999,2387207.2692380003,14.188946000000044,0.000562,24.748909,3.135675,Rheinland-Pfalz
5572,2020-05-26,DE-RP,60.065763000000004,19497916.092423998,2390060.59996,14.441589000000022,0.0,40.287584,2.696063,Rheinland-Pfalz
5626,2020-05-27,DE-RP,53.668924,19996743.309401,2386242.380107,16.25278400000002,0.0,41.312178,2.0954900000000003,Rheinland-Pfalz
5680,2020-05-28,DE-RP,47.774445,22173836.888536,2379954.440599,15.97304600000001,8e-06,41.796113,4.180292,Rheinland-Pfalz
5734,2020-05-29,DE-RP,45.631597,20743640.581912,2370600.333201,15.105854000000022,0.0,42.058707,3.408132,Rheinland-Pfalz
5788,2020-05-30,DE-RP,44.372638,18566348.176517002,2362602.760115,15.301397000000065,0.0,42.218564,4.262412,Rheinland-Pfalz
5842,2020-05-31,DE-RP,49.661953000000004,15219744.751289,2360032.393594,14.766005000000007,0.0,42.042443,3.623243,Rheinland-Pfalz
5896,2020-06-01,DE-RP,48.988853999999996,22686236.191194,2358647.374256,18.006556000000046,0.0,46.663626,3.3772480000000002,Rheinland-Pfalz
5950,2020-06-02,DE-RP,45.9883,21752824.755256,2348007.907081,19.926252000000034,8e-06,45.032527,2.131623,Rheinland-Pfalz
6004,2020-06-03,DE-RP,55.926149,14864308.127726998,2322310.288477,18.929241999999988,0.000755,40.631099,2.156861,Rheinland-Pfalz
6058,2020-06-04,DE-RP,86.903661,2316164.4419130003,2304580.739786,13.259136000000012,0.011158,19.525188,2.722439,Rheinland-Pfalz
6112,2020-06-05,DE-RP,82.174575,3889409.493157,2307379.6447840002,9.995474999999999,0.007790000000000001,22.821499,4.769524,Rheinland-Pfalz
6166,2020-06-06,DE-RP,73.841946,10211673.902172,2317525.508429,11.498099000000025,0.0043,34.088854,4.145901,Rheinland-Pfalz
6220,2020-06-07,DE-RP,65.26803699999999,8108264.1428,2331762.314657,12.673817000000042,0.000471,29.817135999999998,2.899868,Rheinland-Pfalz
6274,2020-06-08,DE-RP,67.309247,15748468.979373,2342731.496926,13.672873000000038,0.0017850000000000001,36.97739,1.9672150000000002,Rheinland-Pfalz
6328,2020-06-09,DE-RP,75.79223,6843149.66189,2347704.493157,13.802740000000028,0.003143,30.628719,2.747491,Rheinland-Pfalz
6382,2020-06-10,DE-RP,81.237927,5118430.255702,2343689.590539,13.901774000000046,0.001024,24.645775,2.311746,Rheinland-Pfalz
6436,2020-06-11,DE-RP,78.611852,5463095.488298001,2334807.993752,14.579612999999995,0.001254,28.508132,2.337295,Rheinland-Pfalz
6490,2020-06-12,DE-RP,67.588279,18246180.854423,2327904.35958,19.002039000000025,0.001812,45.623165,3.6946809999999997,Rheinland-Pfalz
6544,2020-06-13,DE-RP,66.994458,10990300.441491,2337698.6078939997,19.153327999999988,0.0025329999999999997,38.850853,2.843301,Rheinland-Pfalz
6598,2020-06-14,DE-RP,79.777801,2746681.839721,2346108.8691990003,16.609375999999997,0.0072840000000000005,26.484728000000004,3.773228,Rheinland-Pfalz
6652,2020-06-15,DE-RP,76.955187,4109148.138735,2351818.329532,17.374586000000022,0.0015710000000000001,30.9167,2.334348,Rheinland-Pfalz
6706,2020-06-16,DE-RP,82.20176500000001,5527251.475208,2347918.268148,16.809649000000036,0.004323,31.986117,1.584393,Rheinland-Pfalz
6760,2020-06-17,DE-RP,85.540029,3609710.071499,2338515.2956169997,16.22966500000001,0.014766999999999999,31.100357000000002,2.510393,Rheinland-Pfalz
6814,2020-06-18,DE-RP,74.099432,13999448.95002,2341707.291452,16.483456999999987,0.000562,42.612455,2.932543,Rheinland-Pfalz
6868,2020-06-19,DE-RP,70.31743,9337113.743951,2351330.265371,16.719543000000044,0.001462,38.909163,2.7741599999999997,Rheinland-Pfalz
6922,2020-06-20,DE-RP,73.012753,14048775.698135998,2360215.545716,16.45771600000006,0.0013599999999999999,38.354225,1.958748,Rheinland-Pfalz
6976,2020-06-21,DE-RP,64.059703,11521788.247521,2360058.546807,18.596435999999983,6.1e-05,44.445855,2.290553,Rheinland-Pfalz
7030,2020-06-22,DE-RP,65.117613,10827633.149246,2368568.195756,18.05371100000002,0.000217,43.493455,2.814244,Rheinland-Pfalz
7084,2020-06-23,DE-RP,55.825913,22866377.225704,2368689.1529159998,19.894637999999986,0.0,48.437525,2.641715,Rheinland-Pfalz
7138,2020-06-24,DE-RP,47.392691,23472756.535501998,2362431.554145,21.373804000000007,0.0,48.438318,3.5357480000000003,Rheinland-Pfalz
7192,2020-06-25,DE-RP,58.081759,18296971.287188,2353968.687624,21.173902,1.3000000000000001e-05,46.813963,3.629494,Rheinland-Pfalz
7246,2020-06-26,DE-RP,66.57966400000001,19894212.647362,2342117.750793,21.02425400000004,0.0021620000000000003,46.13447,2.8145439999999997,Rheinland-Pfalz
7300,2020-06-27,DE-RP,72.378596,12884390.049186999,2340714.418881,21.095260999999994,0.004539,39.077746999999995,3.764531,Rheinland-Pfalz
7354,2020-06-28,DE-RP,70.74677199999999,5193876.421558999,2346351.749603,17.80511200000001,0.001975,30.492662,4.352037999999999,Rheinland-Pfalz
7408,2020-06-29,DE-RP,67.210078,12922186.322888,2343145.996132,16.47514700000005,0.001006,45.538278000000005,3.948584,Rheinland-Pfalz
7462,2020-06-30,DE-RP,65.465882,6641151.963903,2340067.968862,16.13426800000002,0.000383,28.684252,4.125319,Rheinland-Pfalz
7516,2020-07-01,DE-RP,70.71466600000001,7609971.379413,2334131.921658,19.550997000000052,0.002784,36.757636,4.297073,Rheinland-Pfalz
7570,2020-07-02,DE-RP,73.792845,10489683.150536,2341701.682864,17.893081000000052,0.002113,36.929790000000004,3.652904,Rheinland-Pfalz
7624,2020-07-03,DE-RP,63.908817000000006,7610568.686533,2354695.27618,16.802324999999996,0.000291,45.147957,3.3012580000000002,Rheinland-Pfalz
7678,2020-07-04,DE-RP,61.395115000000004,15262249.086077,2353207.029155,18.56786500000004,0.000215,37.182864,4.782302,Rheinland-Pfalz
7732,2020-07-05,DE-RP,70.059599,3147738.4395080004,2346134.1133479998,20.750977999999975,0.000935,29.040459999999996,6.097407,Rheinland-Pfalz
7786,2020-07-06,DE-RP,59.644362,9410578.232249001,2353209.9762,15.211298,0.000863,39.411345000000004,4.743868,Rheinland-Pfalz
7840,2020-07-07,DE-RP,58.339431999999995,10178278.08925,2358226.47977,15.463832000000025,0.000206,45.957557,2.029676,Rheinland-Pfalz
7894,2020-07-08,DE-RP,75.431467,1877276.5389069999,2350819.484133,15.564823000000047,0.003625,24.881793,2.844414,Rheinland-Pfalz
7948,2020-07-09,DE-RP,65.01255,11501877.727687,2344955.834391,21.169658000000027,0.0009050000000000001,41.934153,3.746347,Rheinland-Pfalz
8002,2020-07-10,DE-RP,67.749275,8279244.731059,2344614.6960529997,18.069885000000056,0.000704,28.814756,4.085039,Rheinland-Pfalz
8056,2020-07-11,DE-RP,59.265136,12423461.203094,2366371.418187,15.730185000000006,0.000213,46.12495,2.4609099999999997,Rheinland-Pfalz
8110,2020-07-12,DE-RP,53.718731999999996,13978755.307814002,2371586.538477,16.76581200000004,5.1e-05,48.600159000000005,2.685613,Rheinland-Pfalz
8164,2020-07-13,DE-RP,47.442136,15314459.839745998,2361702.076259,18.786456999999984,1e-06,45.94526,2.167777,Rheinland-Pfalz
8218,2020-07-14,DE-RP,58.077927,10557479.422848,2346205.89637,18.247942000000023,0.002113,41.483934999999995,2.3071610000000002,Rheinland-Pfalz
8272,2020-07-15,DE-RP,72.745812,8930592.239587,2345628.889627,16.226662000000033,0.0038079999999999998,32.850456,2.319295,Rheinland-Pfalz
8326,2020-07-16,DE-RP,88.02560799999999,43258.970771,2353006.429988,14.682782000000032,0.004226,21.846885999999998,2.5235369999999997,Rheinland-Pfalz
8380,2020-07-17,DE-RP,72.22223699999999,6688289.3539269995,2358995.0360970004,17.566062000000045,0.0010789999999999999,37.988496999999995,2.056239,Rheinland-Pfalz
8434,2020-07-18,DE-RP,60.811723,7582378.411146001,2356321.757537,19.60914200000002,0.00011399999999999999,39.409361,1.519564,Rheinland-Pfalz
8488,2020-07-19,DE-RP,50.855075,12816774.400635,2349786.706862,21.562948000000006,6e-06,43.957159999999995,1.9726279999999998,Rheinland-Pfalz
8542,2020-07-20,DE-RP,62.481075,13093465.209836999,2354063.476299,18.999000000000024,0.000314,42.997223,3.147678,Rheinland-Pfalz
8596,2020-07-21,DE-RP,50.474967,22209623.11067,2363578.5685240002,17.80512200000004,0.0,46.936136,3.0704849999999997,Rheinland-Pfalz
8650,2020-07-22,DE-RP,48.866759,20780073.940103,2360338.243257,18.204645000000028,0.0,46.306624,2.679945,Rheinland-Pfalz
8704,2020-07-23,DE-RP,47.845163,20021064.13804,2349831.7425619997,19.310243000000014,0.0,45.223721000000005,2.014703,Rheinland-Pfalz
8758,2020-07-24,DE-RP,53.925362,10727914.061484,2342044.200417,20.092345000000023,0.00025699999999999996,38.360968,2.7632830000000004,Rheinland-Pfalz
8812,2020-07-25,DE-RP,61.271139,8945488.707061,2341323.802162,20.37650100000002,0.0014,32.063864,2.518159,Rheinland-Pfalz
8866,2020-07-26,DE-RP,67.199519,9760213.332804,2342908.117414,19.243290000000002,0.006772,33.206664,3.860882,Rheinland-Pfalz
8920,2020-07-27,DE-RP,53.56580699999999,14993935.420070998,2343181.8162439996,21.760737000000006,0.000258,38.571995,3.050471,Rheinland-Pfalz
8974,2020-07-28,DE-RP,53.00224300000001,11521860.457358,2343797.891214,20.722077000000013,0.000122,37.888933,4.487998999999999,Rheinland-Pfalz
9028,2020-07-29,DE-RP,52.349726000000004,20024549.428005,2357546.131793,18.29177500000003,1.7e-05,43.896865999999996,2.256383,Rheinland-Pfalz
9082,2020-07-30,DE-RP,45.025259999999996,21522250.015073,2357453.88804,21.154179999999997,0.0,44.038477,1.911288,Rheinland-Pfalz
9136,2020-07-31,DE-RP,38.156159,21909794.209441,2350463.780841,25.25888200000003,0.0,43.379215,2.117154,Rheinland-Pfalz
9190,2020-08-01,DE-RP,58.71631800000001,10622212.462911999,2346103.413328,23.73721900000004,0.007116,37.783023,2.118586,Rheinland-Pfalz
9244,2020-08-02,DE-RP,61.189938,8150711.285799,2345778.034609,21.027301000000023,0.004968,34.869496000000005,2.9683029999999997,Rheinland-Pfalz
9298,2020-08-03,DE-RP,70.17095400000001,3523605.8267550003,2341435.3866520002,16.83432300000004,0.0019809999999999997,32.890122999999996,2.294865,Rheinland-Pfalz
9352,2020-08-04,DE-RP,60.599155,14267884.436335001,2349455.312277,17.452364999999986,0.00021600000000000002,42.589449,2.270414,Rheinland-Pfalz
9406,2020-08-05,DE-RP,48.928273,21077143.498611998,2353495.582705,19.805908999999986,0.0,44.485521999999996,2.1237209999999997,Rheinland-Pfalz
9460,2020-08-06,DE-RP,49.163255,20519222.434748,2358326.39647,22.060727999999983,0.0,43.804839,2.399126,Rheinland-Pfalz
9514,2020-08-07,DE-RP,47.118877000000005,20426509.198731,2358587.130603,24.939617,0.0,43.296310999999996,2.055981,Rheinland-Pfalz
9568,2020-08-08,DE-RP,45.705068,18250424.639429,2357236.0409560003,26.894543999999996,3.5e-05,42.528362,1.586809,Rheinland-Pfalz
9622,2020-08-09,DE-RP,49.294227,13859847.444665,2352240.248017,25.988366000000042,0.000776,40.621182,2.219303,Rheinland-Pfalz
9676,2020-08-10,DE-RP,52.680668999999995,12898882.542642,2346570.247025,25.778568000000064,0.000529,40.335978000000004,2.41866,Rheinland-Pfalz
9730,2020-08-11,DE-RP,58.45779,14218134.06426,2347946.525585,25.31292000000002,0.0009119999999999999,38.023007,2.905322,Rheinland-Pfalz
9784,2020-08-12,DE-RP,68.263501,15926829.720746,2346509.153411,23.731137000000047,0.0008029999999999999,40.145577,2.947894,Rheinland-Pfalz
9838,2020-08-13,DE-RP,71.716801,3254409.171162,2343539.459242,22.41383300000001,0.000513,32.444268,2.135622,Rheinland-Pfalz
9892,2020-08-14,DE-RP,73.468521,7668695.085482,2345323.059897,21.362922000000026,0.002245,30.490282,2.2526029999999997,Rheinland-Pfalz
9946,2020-08-15,DE-RP,75.723294,10535006.637644,2345540.717077,21.46969200000001,0.004614,32.519635,1.8840419999999998,Rheinland-Pfalz
10000,2020-08-16,DE-RP,69.61909200000001,13413299.324474001,2337899.5249900003,22.540331000000037,0.002529,36.594209,2.512569,Rheinland-Pfalz
10054,2020-08-17,DE-RP,73.056344,7145263.063665,2337618.415113,20.086531000000036,0.002761,30.466084999999996,2.8168900000000003,Rheinland-Pfalz
10108,2020-08-18,DE-RP,73.087688,10717380.397461,2340049.7564459997,18.574518000000012,0.003629,32.439111,2.325134,Rheinland-Pfalz
10162,2020-08-19,DE-RP,68.017322,9045357.14637,2336130.5861759996,20.01450200000005,0.001255,32.579929,2.09702,Rheinland-Pfalz
10216,2020-08-20,DE-RP,61.924220999999996,14229256.214597,2334089.714399,24.37111600000003,0.002575,34.751686,2.7103479999999998,Rheinland-Pfalz
10270,2020-08-21,DE-RP,57.685407,9789663.336969,2339260.346688,24.882025,0.00278,29.621975,3.534264,Rheinland-Pfalz
10324,2020-08-22,DE-RP,62.946349,11535159.581912,2351520.843019,20.616220999999996,0.002576,32.370884999999994,4.37541,Rheinland-Pfalz
10378,2020-08-23,DE-RP,64.306248,9297784.193376,2353298.4784810003,17.72533100000004,0.000701,27.846489000000002,4.057961,Rheinland-Pfalz
10432,2020-08-24,DE-RP,66.19210600000001,6600169.970448,2351155.74643,16.47394900000006,0.000683,24.673939,3.174403,Rheinland-Pfalz
10486,2020-08-25,DE-RP,62.60365600000001,3959940.4462019997,2337861.254661,17.87124399999999,0.000371,25.546608,3.430107,Rheinland-Pfalz
10540,2020-08-26,DE-RP,56.794166000000004,4527622.944268,2342516.032031,18.64633600000002,0.000539,21.295517999999998,7.309791000000001,Rheinland-Pfalz
10594,2020-08-27,DE-RP,63.387910999999995,7929625.492662,2345565.889825,17.023460000000057,0.000852,27.006346999999998,2.3330759999999997,Rheinland-Pfalz
10648,2020-08-28,DE-RP,72.599598,4513627.728679,2321523.576259,16.508936000000006,0.001394,21.820706,3.7609760000000003,Rheinland-Pfalz
10702,2020-08-29,DE-RP,74.02330699999999,8440531.073384,2324644.624554,15.098309000000029,0.000338,24.640619,2.625559,Rheinland-Pfalz
10756,2020-08-30,DE-RP,77.557027,2500099.553848,2334841.402023,14.624363000000017,0.001987,21.107894,2.260294,Rheinland-Pfalz
10810,2020-08-31,DE-RP,85.669452,3714862.2497019996,2351216.416898,14.60208700000004,0.00487,16.153114000000002,2.218627,Rheinland-Pfalz
10864,2020-09-01,DE-RP,74.364184,5039881.045914,2352468.7613049997,14.820025000000044,0.000525,23.106704,2.322777,Rheinland-Pfalz
10918,2020-09-02,DE-RP,67.587754,9019874.079334,2354648.024693,15.039764000000048,0.000322,28.651328999999997,1.441556,Rheinland-Pfalz
10972,2020-09-03,DE-RP,69.932066,1531712.672414,2360722.894585,15.277117000000032,0.001001,20.315748000000003,2.4979259999999996,Rheinland-Pfalz
11026,2020-09-04,DE-RP,61.996182999999995,8964201.693029,2361370.362852,20.314418000000046,0.000184,23.353431,2.750139,Rheinland-Pfalz
11080,2020-09-05,DE-RP,71.620307,6333450.89042,2354596.893098,16.033894000000032,0.00025499999999999996,20.642205,2.613849,Rheinland-Pfalz
11134,2020-09-06,DE-RP,64.791742,5557477.363844,2358457.2460330003,13.292287999999985,8.1e-05,23.018643,1.602588,Rheinland-Pfalz
11188,2020-09-07,DE-RP,61.42011899999999,11330517.8929,2367329.782527,14.174678000000029,7.000000000000001e-06,28.683856,1.552547,Rheinland-Pfalz
11242,2020-09-08,DE-RP,58.828990000000005,12386242.238397,2372295.136255,16.550220000000024,1e-06,27.858390000000004,1.8378259999999997,Rheinland-Pfalz
11296,2020-09-09,DE-RP,68.48494000000001,8151918.649246001,2363628.691491,18.260890000000018,0.000131,21.793733,2.172532,Rheinland-Pfalz
11350,2020-09-10,DE-RP,68.81187,10528195.949226,2359604.594407,17.13158500000003,0.000124,21.555335,2.1542529999999998,Rheinland-Pfalz
11404,2020-09-11,DE-RP,61.640549,13078865.60353,2352154.552261,17.016100999999992,2e-06,25.598175,1.54863,Rheinland-Pfalz
11458,2020-09-12,DE-RP,63.018004000000005,13328816.243951,2358699.887644,18.157897000000048,0.0,24.982547,2.133925,Rheinland-Pfalz
11512,2020-09-13,DE-RP,59.26130799999999,14253473.979373,2371585.513189,18.694852000000026,0.0,24.598175,1.3825479999999999,Rheinland-Pfalz
11566,2020-09-14,DE-RP,57.209070999999994,13541577.795716,2368177.91075,20.825902999999983,0.0,24.188814,2.129481,Rheinland-Pfalz
11620,2020-09-15,DE-RP,56.106049,13252598.248314,2359444.625843,22.212024000000042,0.0,24.131297,1.4923,Rheinland-Pfalz
11674,2020-09-16,DE-RP,59.392277,9115101.723721001,2357843.241571,21.64408000000003,0.000509,21.833796,2.25501,Rheinland-Pfalz
11728,2020-09-17,DE-RP,60.704508999999995,11716910.324871,2368084.9593419996,16.647872000000064,1e-06,23.401825,4.230076,Rheinland-Pfalz
11782,2020-09-18,DE-RP,56.70936700000001,13314999.549385,2363391.2539669997,16.117557000000033,0.0,23.999207000000002,4.476476,Rheinland-Pfalz
11836,2020-09-19,DE-RP,51.60017,13281056.279651,2353303.912634,16.70712000000003,0.0,24.0,2.671169,Rheinland-Pfalz
11890,2020-09-20,DE-RP,52.421681,9096982.868703,2348556.6573779997,16.367973000000006,0.0,22.209837,2.278839,Rheinland-Pfalz
11944,2020-09-21,DE-RP,54.721067000000005,12815120.078937,2346628.294129,16.452116999999987,0.0,23.714796,1.522276,Rheinland-Pfalz
11998,2020-09-22,DE-RP,56.711164000000004,11855854.273701,2335889.920865,17.633583999999985,8.2e-05,23.303848000000002,1.791984,Rheinland-Pfalz
12052,2020-09-23,DE-RP,64.56565,9947156.289369,2326720.215688,17.172810000000027,0.00029,20.869892999999998,3.361493,Rheinland-Pfalz
12106,2020-09-24,DE-RP,75.727323,6089950.96787,2320376.783221,14.702183000000048,0.0074069999999999995,16.960729999999998,4.404433,Rheinland-Pfalz
12160,2020-09-25,DE-RP,80.163113,3536510.484629,2308882.1511310004,9.977674000000036,0.0022489999999999997,11.221737,4.978706,Rheinland-Pfalz
12214,2020-09-26,DE-RP,86.101361,842149.677743,2307372.001785,8.867465000000038,0.01395,9.176121,5.452719999999999,Rheinland-Pfalz
12268,2020-09-27,DE-RP,87.671802,642520.5281390001,2316750.532031,9.372419000000036,0.012555,8.571599,2.8815880000000003,Rheinland-Pfalz
12322,2020-09-28,DE-RP,84.030433,2669849.04646,2336633.588159,9.784419000000014,0.0010550000000000002,10.798888999999999,2.0914189999999997,Rheinland-Pfalz
12376,2020-09-29,DE-RP,92.878924,516250.17950900004,2350117.3908169996,11.277143000000024,0.0010630000000000001,7.003966999999999,2.228582,Rheinland-Pfalz
12430,2020-09-30,DE-RP,89.027863,1385167.737009,2344862.256644,13.14758599999999,0.000665,8.657278999999999,1.837923,Rheinland-Pfalz
12484,2020-10-01,DE-RP,91.317859,3114106.934203,2320111.645081,11.461090000000013,0.0037359999999999997,9.158271000000001,2.783414,Rheinland-Pfalz
12538,2020-10-02,DE-RP,82.290988,1761388.5970349999,2293301.7169770002,12.957150000000013,0.002194,12.8929,4.020455,Rheinland-Pfalz
12592,2020-10-03,DE-RP,85.864094,1157770.751128,2290217.320607,11.167423000000042,0.004752,8.289568,3.835518,Rheinland-Pfalz
12646,2020-10-04,DE-RP,80.412367,4107226.996827,2302733.043138,10.37961400000006,0.004862,10.396668,5.854798000000001,Rheinland-Pfalz
12700,2020-10-05,DE-RP,87.59675899999999,831773.763577,2317486.878322,10.12820000000005,0.00621,8.086077000000001,5.086151,Rheinland-Pfalz
12754,2020-10-06,DE-RP,88.919476,1639904.300972,2320292.497322,11.056173000000001,0.007409999999999999,7.5953990000000005,5.890536,Rheinland-Pfalz
12808,2020-10-07,DE-RP,83.10089599999999,5015732.333994,2342810.8599759997,11.099732000000017,0.002282,9.142007000000001,4.776793,Rheinland-Pfalz
12862,2020-10-08,DE-RP,89.011606,590228.148936,2353307.052757,12.179200999999978,0.0021079999999999996,6.447441,5.435986,Rheinland-Pfalz
12916,2020-10-09,DE-RP,92.416223,359418.949913,2354047.557616,12.385059000000012,0.008525,5.666799,3.43951,Rheinland-Pfalz
12970,2020-10-10,DE-RP,76.361799,6564712.436533,2359000.178798,8.948073000000022,0.0006190000000000001,12.634669,3.499686,Rheinland-Pfalz
13024,2020-10-11,DE-RP,79.093172,4114116.926021,2357330.157081,8.029794000000038,0.000553,11.208647000000001,2.33954,Rheinland-Pfalz
13078,2020-10-12,DE-RP,87.69140300000001,2636487.214697,2355424.164022,7.9381740000000605,0.000776,7.899642999999999,2.114042,Rheinland-Pfalz
13132,2020-10-13,DE-RP,87.574838,1218353.417691,2341748.525783,6.864916000000051,8.1e-05,7.193574000000001,2.200924,Rheinland-Pfalz
13186,2020-10-14,DE-RP,86.003476,536734.354082,2344818.775188,6.637631999999996,0.003071,8.224911,2.968162,Rheinland-Pfalz
13240,2020-10-15,DE-RP,90.517625,17270.963881,2349400.551864,7.486650999999995,0.002559,4.631099,3.8181910000000006,Rheinland-Pfalz
13294,2020-10-16,DE-RP,87.977476,205967.142532,2356575.9300869997,7.894608000000005,0.000794,4.624752,3.0191790000000003,Rheinland-Pfalz
13348,2020-10-17,DE-RP,85.868561,1514979.7953940001,2357122.0168580003,6.368177000000003,0.000349,6.753272999999999,1.436599,Rheinland-Pfalz
13402,2020-10-18,DE-RP,85.43160400000001,2923472.424038,2363015.553352,6.6188000000000216,0.000259,5.784212999999999,1.437229,Rheinland-Pfalz
13456,2020-10-19,DE-RP,80.534972,4613691.6827650005,2359158.945359,7.890831000000048,8.3e-05,9.328044,1.9051099999999999,Rheinland-Pfalz
13510,2020-10-20,DE-RP,84.060147,2255237.345572,2340868.039568,8.936779000000001,0.001501,9.03689,2.838135,Rheinland-Pfalz
13564,2020-10-21,DE-RP,70.03100400000001,2621927.0106849996,2331266.5699130003,14.250020000000063,0.001026,9.511305,4.423266,Rheinland-Pfalz
13618,2020-10-22,DE-RP,78.52719,4402970.096886,2343419.807319,15.410845000000052,0.001837,9.382785,3.663188,Rheinland-Pfalz
13672,2020-10-23,DE-RP,93.88081,42062.877784,2341108.73215,13.325188000000026,0.009802,4.999603,2.961943,Rheinland-Pfalz
13726,2020-10-24,DE-RP,85.59442800000001,1137171.181005,2344677.895974,11.92682000000002,0.00018700000000000002,5.672352,4.647506,Rheinland-Pfalz
13780,2020-10-25,DE-RP,83.86908199999999,1308501.013264,2325113.3787189997,11.266853000000026,0.004399,5.775883,3.974326,Rheinland-Pfalz
13834,2020-10-26,DE-RP,86.32925999999999,566529.044139,2321647.7738,8.763492000000042,0.004081,4.9742169999999994,3.82544,Rheinland-Pfalz
13888,2020-10-27,DE-RP,82.097932,2429523.327202,2329355.9575569998,8.635712000000012,0.001265,4.286791,4.92002,Rheinland-Pfalz
13942,2020-10-28,DE-RP,82.234287,3123640.049583,2335258.616025,10.803766999999993,0.0045320000000000004,5.543435,5.323124,Rheinland-Pfalz
13996,2020-10-29,DE-RP,88.7737,1018325.4257360001,2351589.145875,9.777229000000034,0.006437999999999999,4.759619,4.92818,Rheinland-Pfalz
14050,2020-10-30,DE-RP,88.943802,478955.14270100003,2363208.114637,12.217693999999995,0.000745,3.9099559999999998,4.640748,Rheinland-Pfalz
14104,2020-10-31,DE-RP,79.92785699999999,6072037.242958999,2359261.641115,12.082267000000002,0.000371,6.370091,3.061515,Rheinland-Pfalz
14158,2020-11-01,DE-RP,92.627711,71418.543284,2345794.42265,13.545403000000022,0.004718,3.4327650000000003,5.01034,Rheinland-Pfalz
14212,2020-11-02,DE-RP,79.771253,2893059.946846,2344194.958846,16.565696000000003,0.003148,4.207854,6.457401,Rheinland-Pfalz
14266,2020-11-03,DE-RP,81.179381,1798802.7069060002,2366432.0940099997,9.248147000000017,0.0005549999999999999,4.407775,3.3974839999999995,Rheinland-Pfalz
14320,2020-11-04,DE-RP,84.39098299999999,4797763.628917,2384702.3759419997,5.057777999999985,1e-06,4.813169,1.999281,Rheinland-Pfalz
14374,2020-11-05,DE-RP,84.776493,4922445.103282,2396631.775684,3.7289540000000443,0.0,4.266958,2.3665689999999997,Rheinland-Pfalz
14428,2020-11-06,DE-RP,77.482793,5594266.987902,2383815.312178,4.24735400000003,0.0,4.846093,2.980563,Rheinland-Pfalz
14482,2020-11-07,DE-RP,81.886351,5243591.469853,2369112.367215,5.823481000000015,0.0,4.94645,2.358543,Rheinland-Pfalz
14536,2020-11-08,DE-RP,88.357618,3858987.0894489996,2366048.616323,7.7922530000000165,0.000591,4.815153,1.528459,Rheinland-Pfalz
14590,2020-11-09,DE-RP,90.203639,3047499.973473,2366405.200615,9.92466300000001,0.0005009999999999999,4.644982,1.461741,Rheinland-Pfalz
14644,2020-11-10,DE-RP,96.282372,1025514.599663,2371821.7024,7.054709000000003,7.099999999999999e-05,1.9535900000000002,1.482143,Rheinland-Pfalz
14698,2020-11-11,DE-RP,96.721361,417508.268532,2368043.503273,7.605880000000013,0.000157,0.391115,1.838713,Rheinland-Pfalz
14752,2020-11-12,DE-RP,90.54275600000001,1557266.263264,2357245.7328439998,7.821519000000023,0.00022,2.846886,2.917751,Rheinland-Pfalz
14806,2020-11-13,DE-RP,93.656085,976818.731555,2355401.544724,7.856506000000024,0.000817,2.321301,2.462368,Rheinland-Pfalz
14860,2020-11-14,DE-RP,88.001586,3531688.689954,2352384.350853,10.282978000000014,0.000113,4.291154,2.877901,Rheinland-Pfalz
10,2020-11-15,DE-RP,82.785045,3518208.1575760003,2334815.107398,11.46706000000006,0.006365,4.289568,4.815272,Rheinland-Pfalz
31,2020-11-16,DE-RP,85.59513199999999,756531.502597,2351050.465589,9.062008999999989,0.00158,1.358191,5.291568,Rheinland-Pfalz
52,2020-11-17,DE-RP,86.517554,340619.108908,2372493.574871,9.157624999999996,0.00021099999999999998,1.7108290000000002,3.703091,Rheinland-Pfalz
73,2020-11-18,DE-RP,82.409051,3727545.90837,2366547.765768,8.779314000000056,3.8e-05,4.02261,2.6304060000000002,Rheinland-Pfalz
94,2020-11-19,DE-RP,85.824236,2132592.9157080003,2366044.4850259996,7.356418000000019,0.0036369999999999996,1.581119,4.581968,Rheinland-Pfalz
115,2020-11-20,DE-RP,89.218748,1331091.6150709998,2389522.364538,2.5558300000000145,0.000552,1.469655,1.648393,Rheinland-Pfalz
136,2020-11-21,DE-RP,86.16402,2192842.52698,2385123.145875,1.3905220000000327,1.6e-05,2.573582,2.2715240000000003,Rheinland-Pfalz
157,2020-11-22,DE-RP,87.57838100000001,364242.632047,2374602.800575,4.391492000000028,0.000785,0.43673100000000004,2.623861,Rheinland-Pfalz
178,2020-11-23,DE-RP,93.60186999999999,443037.949817,2376551.553154,5.809684000000004,0.001504,0.290758,1.8031139999999999,Rheinland-Pfalz
199,2020-11-24,DE-RP,93.817615,1064743.9700190001,2366119.504661,3.9686810000000037,3.6e-05,0.303054,2.3703540000000003,Rheinland-Pfalz
220,2020-11-25,DE-RP,93.321169,3336155.267354,2355931.66789,3.4371940000000336,2.2e-05,1.814359,2.511558,Rheinland-Pfalz
241,2020-11-26,DE-RP,94.17568100000001,2803966.495042,2360025.3969650003,1.8671620000000075,2.8999999999999997e-05,1.434748,1.953973,Rheinland-Pfalz
262,2020-11-27,DE-RP,94.23085999999999,3038816.790758,2356035.057418,1.842689000000064,8e-06,1.461325,2.054667,Rheinland-Pfalz
283,2020-11-28,DE-RP,91.636758,2704150.78094,2357053.8794130003,1.49808900000005,5e-06,1.8088060000000001,3.045719,Rheinland-Pfalz
304,2020-11-29,DE-RP,85.078466,2886465.859778,2366790.759223,-0.9293689999999515,2.1e-05,0.437921,3.323413,Rheinland-Pfalz
325,2020-11-30,DE-RP,88.962435,3461236.6284209997,2364458.8691,-2.090584999999976,0.003986,2.7223319999999998,2.66648,Rheinland-Pfalz
346,2020-12-01,DE-RP,96.17813699999999,33356.262177,2346221.1428,1.3249620000000277,0.005375,0.000793,2.2142560000000002,Rheinland-Pfalz
367,2020-12-02,DE-RP,92.628796,157084.115077,2346338.9099560003,1.2157580000000507,0.000327,0.0,1.915991,Rheinland-Pfalz
388,2020-12-03,DE-RP,90.36144499999999,292390.819081,2310890.502578,1.4686629999999923,0.0032869999999999996,0.0,3.986032,Rheinland-Pfalz
409,2020-12-04,DE-RP,90.40964100000001,196434.787023,2282767.5461130003,3.588377000000037,0.007005,0.10749700000000001,3.940011,Rheinland-Pfalz
430,2020-12-05,DE-RP,90.349391,1475871.106208,2304850.579532,2.696001000000024,0.000417,1.1721540000000001,2.6574259999999996,Rheinland-Pfalz
451,2020-12-06,DE-RP,94.951126,112822.972471,2307095.727192,2.5586190000000215,0.0036,0.0,1.9311330000000002,Rheinland-Pfalz
472,2020-12-07,DE-RP,91.81415,255314.14354699999,2308948.9437720003,2.5058799999999906,0.002845,0.026576999999999996,2.69132,Rheinland-Pfalz
493,2020-12-08,DE-RP,90.013338,853552.993554,2316364.072888,1.457949000000042,0.0005,0.403015,2.580219,Rheinland-Pfalz
514,2020-12-09,DE-RP,90.594605,304949.465735,2330966.5877630003,0.7283060000000319,0.00043,0.014677,2.1266689999999997,Rheinland-Pfalz
535,2020-12-10,DE-RP,87.583774,472916.678916,2324593.719457,-0.24526499999996076,6.9e-05,0.07735,1.9609349999999999,Rheinland-Pfalz
556,2020-12-11,DE-RP,91.148609,90389.980286,2301001.941095,1.1602390000000469,0.0033539999999999998,0.0,3.448263,Rheinland-Pfalz
577,2020-12-12,DE-RP,97.12929100000001,47047.680795,2307055.24048,4.790751,0.003154,0.0,1.92757,Rheinland-Pfalz
598,2020-12-13,DE-RP,90.92044200000001,1079751.481933,2335563.473522,5.008507000000009,0.000588,0.391511,3.038925,Rheinland-Pfalz
619,2020-12-14,DE-RP,83.582404,608410.260127,2335418.124256,5.070835000000045,0.000579,0.375645,3.090034,Rheinland-Pfalz
640,2020-12-15,DE-RP,96.443738,105298.343543,2338964.315649,6.678214000000025,0.006562999999999999,0.0,2.604274,Rheinland-Pfalz
661,2020-12-16,DE-RP,95.64684399999999,776061.6777819999,2349419.450813,7.119196000000045,0.001174,0.084094,2.452185,Rheinland-Pfalz
682,2020-12-17,DE-RP,91.7667,1242315.377826,2359373.435938,6.475150999999983,0.000478,0.000793,3.189404,Rheinland-Pfalz
703,2020-12-18,DE-RP,95.674741,888785.5015370001,2362467.166799,4.366867000000013,1.4000000000000001e-05,0.47798500000000005,2.363824,Rheinland-Pfalz
724,2020-12-19,DE-RP,88.400052,1749887.5953990002,2350902.134966,6.580468000000053,0.001016,0.772709,3.563273,Rheinland-Pfalz
745,2020-12-20,DE-RP,94.246321,106842.40345700001,2356538.8374650003,6.814224000000024,0.003686,0.00119,2.707338,Rheinland-Pfalz
766,2020-12-21,DE-RP,93.828687,77892.915753,2353196.670865,6.455727000000024,0.006121,0.023007,4.158675,Rheinland-Pfalz
787,2020-12-22,DE-RP,94.568197,64475.38905499999,2346226.4600360002,11.467699000000039,0.009023999999999999,0.0,5.694992,Rheinland-Pfalz
808,2020-12-23,DE-RP,93.540633,13318.670121,2338566.8923049998,10.748711000000014,0.020000999999999998,0.046807,4.356823,Rheinland-Pfalz
829,2020-12-24,DE-RP,88.282885,663767.1098770001,2334684.724613,4.918927999999994,0.008865999999999999,0.044823,4.442007,Rheinland-Pfalz
850,2020-12-25,DE-RP,86.46871,1665085.995339,2360047.4310790002,1.6137259999999856,0.000906,0.827053,2.962409,Rheinland-Pfalz
871,2020-12-26,DE-RP,87.780159,477382.948114,2360906.921162,0.7460680000000366,0.00028399999999999996,0.0,3.77817,Rheinland-Pfalz
892,2020-12-27,DE-RP,86.317662,35394.032891,2291671.87743,1.5535859999999957,0.009956999999999999,0.010313,7.218122999999999,Rheinland-Pfalz
913,2020-12-28,DE-RP,91.99803100000001,176664.484544,2261111.321896,2.366685000000018,0.005688,0.0,3.5523569999999998,Rheinland-Pfalz
934,2020-12-29,DE-RP,91.76545899999999,701313.522213,2285850.3115830002,1.8008540000000153,0.002997,0.050377,3.5042489999999997,Rheinland-Pfalz
955,2020-12-30,DE-RP,90.58450500000001,1003015.6786,2315930.0136849997,2.253709000000015,0.001209,0.0,3.055224,Rheinland-Pfalz
976,2020-12-31,DE-RP,92.884316,135048.95218,2316948.101646,1.0047640000000229,0.007423000000000001,0.014280000000000001,2.8948150000000004,Rheinland-Pfalz
997,2021-01-01,DE-RP,93.41163399999999,807098.152946,2328746.820508,0.9145009999999729,0.001111,0.0043630000000000006,1.485384,Rheinland-Pfalz
1018,2021-01-02,DE-RP,89.077915,907004.604125,2338839.535105,0.08143500000005588,0.00011499999999999999,0.0,1.704076,Rheinland-Pfalz
1039,2021-01-03,DE-RP,86.73213299999999,46057.624058999994,2336522.391908,0.5024210000000267,0.002852,0.0,2.4816540000000002,Rheinland-Pfalz
1060,2021-01-04,DE-RP,92.47104399999999,316638.13549,2339528.250595,0.28227000000003954,0.001163,0.0,2.5924099999999997,Rheinland-Pfalz
1081,2021-01-05,DE-RP,90.74695899999999,161718.149305,2339930.203491,0.7977230000000191,0.001176,0.00476,3.0785169999999997,Rheinland-Pfalz
1102,2021-01-06,DE-RP,91.112466,161247.252476,2340468.204482,0.8777240000000575,0.0016530000000000002,0.0,2.254705,Rheinland-Pfalz
1123,2021-01-07,DE-RP,88.568286,643367.845569,2339898.570805,0.3058500000000208,0.0016460000000000001,0.153114,3.096956,Rheinland-Pfalz
1144,2021-01-08,DE-RP,90.905765,137880.255494,2344603.278362,0.1653299999999831,0.003017,0.003967,3.16905,Rheinland-Pfalz
1165,2021-01-09,DE-RP,87.04736,612096.595188,2360722.4527970003,-0.5722299999999336,0.000254,1.399841,1.928073,Rheinland-Pfalz
1186,2021-01-10,DE-RP,86.48045400000001,1481021.7185139998,2364477.87743,-1.9498679999999808,0.000157,1.513685,1.504162,Rheinland-Pfalz
1207,2021-01-11,DE-RP,84.448262,1966303.0246310001,2357101.701607,-2.3370949999999766,0.00037,1.866323,3.140075,Rheinland-Pfalz
1228,2021-01-12,DE-RP,91.881008,8888.752143000002,2336509.284907,1.411841000000038,0.01096,0.0,5.5831040000000005,Rheinland-Pfalz
1249,2021-01-13,DE-RP,88.45261500000001,1713088.5053299998,2347268.130702,0.7244100000000344,0.000951,0.648949,3.9914949999999996,Rheinland-Pfalz
1270,2021-01-14,DE-RP,83.915723,143846.703343,2350065.882785,0.2359260000000063,0.002815,0.317334,2.7406479999999998,Rheinland-Pfalz
1291,2021-01-15,DE-RP,77.760987,2135263.968589,2366266.555038,-1.233825999999965,0.000217,1.8897259999999998,3.120782,Rheinland-Pfalz
1312,2021-01-16,DE-RP,79.31305,1253502.091358,2364846.1921860003,-2.0823879999999804,0.002774,0.06426,2.4167669999999997,Rheinland-Pfalz
1333,2021-01-17,DE-RP,94.09447,172910.04308499998,2353715.136454,-0.5583259999999655,0.002838,0.0,2.349957,Rheinland-Pfalz
1354,2021-01-18,DE-RP,88.866493,413915.52416599996,2364235.283915,2.0344630000000166,0.001088,0.017453,4.463609,Rheinland-Pfalz
1375,2021-01-19,DE-RP,85.356708,12438.596204000001,2341379.252975,2.1101220000000467,0.0037020000000000004,0.175724,6.458965,Rheinland-Pfalz
1396,2021-01-20,DE-RP,73.13813499999999,1396706.700243,2317940.322491,4.830854000000045,0.000299,2.558509,5.011844,Rheinland-Pfalz
1417,2021-01-21,DE-RP,77.728313,483465.9967,2298978.6960529997,7.488372000000027,0.007317000000000001,0.423245,7.414617,Rheinland-Pfalz
1438,2021-01-22,DE-RP,88.973453,168411.132023,2295944.665113,4.173300999999981,0.008412000000000001,1.03451,3.737135,Rheinland-Pfalz
1459,2021-01-23,DE-RP,91.064838,243451.65735300002,2298997.581119,2.3007910000000606,0.004765999999999999,1.125744,3.1533189999999998,Rheinland-Pfalz
1480,2021-01-24,DE-RP,85.000033,1231309.1376440001,2305177.655593,0.2859720000000152,0.0048,1.274098,4.999959,Rheinland-Pfalz
1501,2021-01-25,DE-RP,90.19085600000001,1098417.1265739999,2320424.315054,-0.19427799999994022,0.001675,0.852836,2.423508,Rheinland-Pfalz
1522,2021-01-26,DE-RP,83.333569,2032554.4601599998,2349627.0883580004,0.802283999999986,0.000987,1.588655,5.147542,Rheinland-Pfalz
1543,2021-01-27,DE-RP,93.083246,173189.936192,2342406.860571,0.43512800000002017,0.004761,0.113447,3.7867050000000004,Rheinland-Pfalz
1564,2021-01-28,DE-RP,94.291843,8135.243733,2320182.514677,5.7994390000000635,0.014068,0.172947,4.55491,Rheinland-Pfalz
1585,2021-01-29,DE-RP,87.48241999999999,1347298.053897,2307028.913526,7.689242000000036,0.010877,2.316144,6.496974,Rheinland-Pfalz
1606,2021-01-30,DE-RP,91.46457,20131.594138,2308805.325565,3.2000600000000077,0.012157,1.030543,4.204139,Rheinland-Pfalz
1627,2021-01-31,DE-RP,90.622079,2534862.692607,2308095.7598180003,-0.17620399999998426,0.002278,0.13605699999999998,3.503512,Rheinland-Pfalz
1648,2021-02-01,DE-RP,95.76814499999999,18595.263815000002,2298120.612654,3.185320000000047,0.0045780000000000005,0.003173,2.444585,Rheinland-Pfalz
1669,2021-02-02,DE-RP,93.365073,29094.984181,2315159.863844,6.705771000000027,0.007005,0.143594,4.14838,Rheinland-Pfalz
1690,2021-02-03,DE-RP,90.144788,557934.992383,2311663.2520830003,8.955452000000037,0.012423,0.796113,5.789771,Rheinland-Pfalz
1711,2021-02-04,DE-RP,82.953786,2172701.562971,2341200.188715,6.145579000000055,0.00062,3.738199,3.131814,Rheinland-Pfalz
1732,2021-02-05,DE-RP,94.628835,545769.004494,2338099.736811,5.944046000000014,0.005212,0.826656,1.7009470000000002,Rheinland-Pfalz
1753,2021-02-06,DE-RP,95.296777,200083.110618,2322095.37267,4.672446000000036,0.011041,0.046013,4.264011,Rheinland-Pfalz
1774,2021-02-07,DE-RP,94.313283,121741.84587,2300761.941591,2.124761000000035,0.006673999999999999,0.714796,3.474207,Rheinland-Pfalz
1795,2021-02-08,DE-RP,88.431432,781797.6480319999,2303113.289072,-3.6756019999999694,0.002238,0.631099,2.586047,Rheinland-Pfalz
1816,2021-02-09,DE-RP,79.465152,3234575.182616,2317967.236811,-6.540153999999973,0.000303,2.750099,2.665189,Rheinland-Pfalz
1837,2021-02-10,DE-RP,73.45042,3681701.484964,2332937.320508,-7.741042999999991,0.000599,4.549385,4.216371,Rheinland-Pfalz
1858,2021-02-11,DE-RP,75.32674300000001,2572322.176269,2371109.937525,-5.628076999999962,0.00011999999999999999,5.301864,2.520159,Rheinland-Pfalz
1879,2021-02-12,DE-RP,70.386495,5120909.344804,2378797.953788,-6.426270999999986,1.4000000000000001e-05,5.666005999999999,5.012315,Rheinland-Pfalz
1900,2021-02-13,DE-RP,64.066763,7578921.153114,2393704.5900439997,-5.860866999999985,0.0,5.947243,5.140721,Rheinland-Pfalz
1921,2021-02-14,DE-RP,56.907247999999996,5195093.722432,2393716.513189,-3.1257850000000076,0.0,5.86672,4.559775,Rheinland-Pfalz
1942,2021-02-15,DE-RP,69.57707099999999,309684.298291,2374589.685046,0.043404000000009546,0.002113,4.692979,3.7986730000000004,Rheinland-Pfalz
1963,2021-02-16,DE-RP,83.235933,3850820.7358190003,2352381.408171,5.63084200000003,0.001913,5.508132,3.7121809999999997,Rheinland-Pfalz
1979,2021-02-17,DE-RP,87.099689,1447238.590391,2354222.685046,6.53810900000002,0.00016299999999999998,3.581515,4.0801169999999995,Rheinland-Pfalz
1995,2021-02-18,DE-RP,85.46981600000001,1188585.248686,2342018.640222,4.915836000000013,0.004235,5.138833999999999,3.5680910000000003,Rheinland-Pfalz
2011,2021-02-19,DE-RP,86.288088,3260209.335779,2351598.174534,5.731849000000068,9e-06,5.0023800000000005,2.816734,Rheinland-Pfalz
2027,2021-02-20,DE-RP,78.18213100000001,6889923.257834,2348377.6970450003,8.364037999999994,0.0,7.431575,3.1995869999999997,Rheinland-Pfalz
2043,2021-02-21,DE-RP,65.64282,8457393.781634,2348996.072689,8.973657000000003,0.0,7.879810000000001,3.009041,Rheinland-Pfalz
